name,datetime,temp,feelslike,dew,humidity,precip,precipprob,preciptype,snow,snowdepth,windgust,windspeed,winddir,sealevelpressure,cloudcover,visibility,solarradiation,solarenergy,uvindex,severerisk,conditions,icon,stations
"ashland, KS",2018-06-09T00:00:00,23.9,23.9,15,57.67,0,0,,0,0,,24.1,160,1011.7,0,16,0,,0,,Clear,clear-night,"72451013985,KDDC"
"ashland, KS",2018-06-09T01:00:00,23.4,23.4,15,59.43,0,0,,0,0,,24.1,160,1011.8,0,16,0,,0,,Clear,clear-night,"72451013985,KDDC"
"ashland, KS",2018-06-09T02:00:00,22.2,22.2,15.7,66.44,0,0,,0,0,,22.3,160,1011.4,0,16,0,,0,,Clear,clear-night,"72451013985,KDDC"
"ashland, KS",2018-06-09T03:00:00,21.7,21.7,15.7,68.5,0,0,,0,0,,24.1,150,1010.8,0,16,0,,0,,Clear,clear-night,"72451013985,KDDC"
"ashland, KS",2018-06-09T04:00:00,21.2,21.2,15.7,70.84,0,0,,0,0,,18.4,160,1010.6,0,14,0,,0,,Clear,clear-night,"72451013985,KDDC"
"ashland, KS",2018-06-09T05:00:00,21.2,21.2,16.2,73.14,0,0,,0,0,,22.3,170,1011.2,0,14,0,,0,,Clear,clear-night,"72451013985,KDDC"
"ashland, KS",2018-06-09T06:00:00,20.7,20.7,16.2,75.42,0,0,,0,0,,20.5,170,1011.4,0,14,13,0,0,,Clear,clear-night,"72451013985,KDDC"
"ashland, KS",2018-06-09T07:00:00,20.7,20.7,16.2,75.42,0,0,,0,0,,16.6,190,1012.2,0,13,24,0.1,0,,Clear,clear-day,"C9785,72451013985,KDDC"
"ashland, KS",2018-06-09T08:00:00,22.9,22.9,16.2,65.94,0,0,,0,0,,18.4,190,1012.5,0,14,168,0.6,2,,Clear,clear-day,"C9785,72451013985,KDDC"
"ashland, KS",2018-06-09T09:00:00,26.2,26.2,12.9,43.73,0,0,,0,0,,24.1,190,1012.4,0,14,303,1.1,3,,Clear,clear-day,"C9785,72451013985,KDDC"
"ashland, KS",2018-06-09T10:00:00,29.3,28.4,11.7,33.64,0,0,,0,0,,25.9,210,1011.9,0,16,448,1.6,4,,Clear,clear-day,"C9785,72451013985,KDDC"
"ashland, KS",2018-06-09T11:00:00,31.7,30.3,11.2,28.35,0,0,,0,0,44.6,31.7,200,1011.2,0,16,707,2.5,7,,Clear,clear-day,"C9785,72451013985,KDDC"
"ashland, KS",2018-06-09T12:00:00,32.9,31.6,12.2,28.47,0,0,,0,0,47.9,27.7,200,1011,0,16,847,3,8,,Clear,clear-day,"C9785,72451013985,KDDC"
"ashland, KS",2018-06-09T13:00:00,34.4,33.1,12.2,26.18,0,0,,0,0,42.5,31.7,200,1010.6,0,16,924,3.3,9,,Clear,clear-day,"C9785,72451013985,KDDC"
"ashland, KS",2018-06-09T14:00:00,36.2,34.7,11.2,22.11,0,0,,0,0,44.6,25.9,180,1009.8,0,16,945,3.4,9,,Clear,clear-day,"C9785,72451013985,KDDC"
"ashland, KS",2018-06-09T15:00:00,37.2,36,11.7,21.65,0,0,,0,0,50,35.3,170,1008.6,0,16,913,3.3,9,,Clear,clear-day,"C9785,72451013985,KDDC"
"ashland, KS",2018-06-09T16:00:00,37.2,35.5,10,19.34,0,0,,0,0,61.2,40.7,180,1007.4,0,16,826,3,8,,Clear,clear-day,"C9785,72451013985,KDDC"
"ashland, KS",2018-06-09T17:00:00,37.9,36.4,10.7,19.49,0,0,,0,0,53.6,37.1,180,1006.9,0,16,568,2,6,,Clear,clear-day,"C9785,72451013985,KDDC"
"ashland, KS",2018-06-09T18:00:00,37.2,36,11.7,21.65,0,0,,0,0,53.6,38.9,170,1006.4,0,16,276,1,3,,Clear,clear-day,"C9785,72451013985,KDDC"
"ashland, KS",2018-06-09T19:00:00,36.2,34.9,11.7,22.93,0,0,,0,0,53.6,37.1,170,1006.1,0,16,48,0.2,0,,Clear,clear-day,"C9785,72451013985,KDDC"
"ashland, KS",2018-06-09T20:00:00,34.4,33.1,12.2,26.18,0,0,,0,0,57.2,27.7,160,1006,0,14,32,0.1,0,,Clear,clear-day,"C9785,72451013985,KDDC"
"ashland, KS",2018-06-09T21:00:00,31.7,30.9,13.9,33.85,0,0,,0,0,,25.9,170,1006.3,0,14,14,0.1,0,,Clear,clear-night,"C9785,72451013985,KDDC"
"ashland, KS",2018-06-09T22:00:00,30,29.5,14.4,38.52,0,0,,0,0,,27.7,180,1006.5,0,16,0,,0,,Clear,clear-night,"72451013985,KDDC"
"ashland, KS",2018-06-09T23:00:00,28.9,28.6,14.4,41.17,0,0,,0,0,46.4,31.7,180,1006.8,0,16,0,,0,,Clear,clear-night,"72451013985,KDDC"
"ashland, KS",2018-06-10T00:00:00,27.9,27.9,15,45.5,0,0,,0,0,,29.5,190,1006.8,0,16,0,,0,,Clear,clear-night,"72451013985,KDDC"
"ashland, KS",2018-06-10T01:00:00,26.2,26.2,15,50.28,0,0,,0,0,47.9,25.9,180,1006.5,0,16,0,,0,,Clear,clear-night,"72451013985,KDDC"
"ashland, KS",2018-06-10T02:00:00,25.6,25.6,15.7,54,0,0,,0,0,,25.9,190,1006.3,0,16,0,,0,,Clear,clear-night,"72451013985,KDDC"
"ashland, KS",2018-06-10T03:00:00,25,25,15.7,56.12,0,0,,0,0,42.5,25.9,180,1006.1,0,16,0,,0,,Clear,clear-night,"72451013985,KDDC"
"ashland, KS",2018-06-10T04:00:00,24.4,24.4,15,55.96,0,0,,0,0,,25.9,180,1005.6,0,16,0,,0,,Clear,clear-night,"72451013985,KDDC"
"ashland, KS",2018-06-10T05:00:00,24.4,24.4,15,55.96,0,0,,0,0,38.9,24.1,180,1005.3,0,16,0,,0,,Clear,clear-night,"72451013985,KDDC"
"ashland, KS",2018-06-10T06:00:00,23.4,23.4,15,59.43,0,0,,0,0,,20.5,180,1005,0,16,6.2,0,0,,Clear,clear-night,"72451013985,KDDC"
"ashland, KS",2018-06-10T07:00:00,22.9,22.9,15,61.26,0,0,,0,0,,18.4,180,1005.1,0,14,44,0.2,0,,Clear,clear-day,"C9785,72451013985,KDDC"
"ashland, KS",2018-06-10T08:00:00,25.6,25.6,15,51.79,0,0,,0,0,,22.3,180,1005.4,0,14,134,0.5,1,,Clear,clear-day,"C9785,72451013985,KDDC"
"ashland, KS",2018-06-10T09:00:00,27.2,27.4,15,47.26,0,0,,0,0,42.5,27.7,200,1005.1,0,14,241,0.9,2,,Clear,clear-day,"C9785,72451013985,KDDC"
"ashland, KS",2018-06-10T10:00:00,28.9,28.6,14.4,41.17,0,0,,0,0,51.9,31.7,190,1005,0,14,386,1.4,4,,Clear,clear-day,"C9785,72451013985,KDDC"
"ashland, KS",2018-06-10T11:00:00,33.4,32.6,13.9,30.84,0,0,,0,0,54.5,40.7,190,1004.2,0,14,558,2,6,,Clear,clear-day,"C9785,72451013985,KDDC"
"ashland, KS",2018-06-10T12:00:00,33.9,32.9,13.4,29.03,0,0,,0,0,59.2,40.7,190,1003.6,0,14,707,2.5,7,,Clear,clear-day,"C9785,72451013985,KDDC"
"ashland, KS",2018-06-10T13:00:00,35.7,34.7,12.9,25.42,0,0,,0,0,55.4,38.9,190,1002.8,0,14,525,1.9,5,,Clear,clear-day,"C9785,72451013985,KDDC"
"ashland, KS",2018-06-10T14:00:00,38.9,37.9,12.2,20.46,0,0,,0,0,68.4,42.5,180,1001.4,0,14,866,3.1,9,,Clear,clear-day,"C9785,72451013985,KDDC"
"ashland, KS",2018-06-10T15:00:00,38.4,37.2,11.7,20.34,0,0,,0,0,68.4,44.6,180,1000.7,0,14,691,2.5,7,,Clear,clear-day,"C9785,72451013985,KDDC"
"ashland, KS",2018-06-10T16:00:00,38.9,37.4,10.7,18.47,0,0,,0,0,65.7,40.7,180,999.9,0,14,762,2.7,8,,Clear,clear-day,"C9785,72451013985,KDDC"
"ashland, KS",2018-06-10T17:00:00,38.9,37.7,11.7,19.8,0,0,,0,0,67.5,46.4,170,999.5,0,14,554,2,6,,Clear,clear-day,"C9785,72451013985,KDDC"
"ashland, KS",2018-06-10T18:00:00,37.9,36.7,11.7,20.9,0,0,,0,0,70.2,46.4,170,999.3,0,14,276,1,3,,Clear,clear-day,"C9785,72451013985,KDDC"
"ashland, KS",2018-06-10T19:00:00,35,34.1,13.4,27.23,0,0,,0,0,61,38.9,170,999.6,0,14,111,0.4,1,,Clear,clear-day,"C9785,72451013985,KDDC"
"ashland, KS",2018-06-10T20:00:00,34.4,32.9,11.2,24.43,0,0,,0,0,50,20.5,170,999.3,0,14,96,0.3,1,,Clear,clear-day,"C9785,72451013985,KDDC"
"ashland, KS",2018-06-10T21:00:00,29.3,28.8,13.9,38.72,0,0,,0,0,67.5,37.1,180,1000.3,0,14,51,0.2,0,,Clear,clear-night,"C9785,72451013985,KDDC"
"ashland, KS",2018-06-10T22:00:00,28.9,28,11.2,33.39,0,0,,0,0,55.4,37.1,180,1000.5,0,16,0,,0,,Clear,clear-night,"72451013985,KDDC"
"ashland, KS",2018-06-10T23:00:00,29.3,29,14.4,39.99,0,0,,0,0,55.4,37.1,180,1000.7,0,16,0,,0,,Clear,clear-night,"72451013985,KDDC"
"ashland, KS",2018-06-11T00:00:00,28.9,28.4,13.9,39.85,0,0,,0,0,55.4,38.9,180,1001.1,0,16,0,,0,,Clear,clear-night,"72451013985,KDDC"
"ashland, KS",2018-06-11T01:00:00,27.2,27.4,15,47.26,0,0,,0,0,53.6,35.3,180,1001,0,16,0,,0,,Clear,clear-night,"72451013985,KDDC"
"ashland, KS",2018-06-11T02:00:00,26.2,26.2,15.7,52.42,0,0,,0,0,46.4,31.7,180,1000.6,0,16,0,,0,,Clear,clear-night,"72451013985,KDDC"
"ashland, KS",2018-06-11T03:00:00,25.6,25.6,15.7,54,0,0,,0,0,42.5,27.7,190,1000.5,0,16,0,,0,,Clear,clear-night,"72451013985,KDDC"
"ashland, KS",2018-06-11T04:00:00,23.9,23.9,15,57.67,0,0,,0,0,,20.5,170,1000.7,0,16,0,,0,,Clear,clear-night,"72451013985,KDDC"
"ashland, KS",2018-06-11T05:00:00,23.4,23.4,14.4,56.99,0,0,,0,0,,20.5,170,1000.9,0,16,0,,0,,Clear,clear-night,"72451013985,KDDC"
"ashland, KS",2018-06-11T06:00:00,22.2,22.2,13.9,59.16,0,0,,0,0,,22.3,170,1000.8,0,16,12.7,0,0,,Clear,clear-night,"72451013985,KDDC"
"ashland, KS",2018-06-11T07:00:00,22.2,22.2,14.4,61.11,0,0,,0,0,,22.3,180,1001.2,0,14,25,0.1,0,,Clear,clear-day,"C9785,72451013985,KDDC"
"ashland, KS",2018-06-11T08:00:00,24.4,24.4,15.7,58.35,0,0,,0,0,,20.5,200,1002.1,0,14,166,0.6,2,,Clear,clear-day,"C9785,72451013985,KDDC"
"ashland, KS",2018-06-11T09:00:00,26.2,26.2,15.7,52.42,0,0,,0,0,40.7,29.5,230,1002.8,0,14,302,1.1,3,,Clear,clear-day,"C9785,72451013985,KDDC"
"ashland, KS",2018-06-11T10:00:00,27.2,27.4,15,47.26,0,0,,0,0,,18.4,280,1003.3,0,13,445,1.6,4,,Clear,clear-day,"C9785,72451013985,KDDC"
"ashland, KS",2018-06-11T11:00:00,28.4,28.1,13.9,41.03,0,0,,0,0,,24.1,340,1003.8,0,13,693,2.5,7,,Clear,clear-day,"C9785,72451013985,KDDC"
"ashland, KS",2018-06-11T12:00:00,30,29.5,14.4,38.52,0,0,,0,0,51.8,33.5,360,1004.5,0,10,824,3,8,,Clear,clear-day,"C9785,72451013985,KDDC"
"ashland, KS",2018-06-11T13:00:00,31.2,30.4,13.9,34.92,0,0,,0,0,52.7,35.3,360,1005,0,11,904,3.3,9,,Clear,clear-day,"C9785,72451013985,KDDC"
"ashland, KS",2018-06-11T14:00:00,32.2,31.6,14.4,33.98,0,0,,0,0,52.8,33.5,350,1005,0,13,925,3.3,9,,Clear,clear-day,"C9785,72451013985,KDDC"
"ashland, KS",2018-06-11T15:00:00,32.9,32.1,13.9,31.72,0,0,,0,0,54.5,35.3,10,1004.9,0,13,892,3.2,9,,Clear,clear-day,"C9785,72451013985,KDDC"
"ashland, KS",2018-06-11T16:00:00,33.4,32.7,14.4,31.85,0,0,,0,0,54.6,37.1,40,1005.2,0,13,796,2.9,8,,Clear,clear-day,"C9785,72451013985,KDDC"
"ashland, KS",2018-06-11T17:00:00,33.4,32.7,14.4,31.85,0,0,,0,0,49.1,31.7,30,1005.2,0,13,654,2.4,7,,Clear,clear-day,"C9785,72451013985,KDDC"
"ashland, KS",2018-06-11T18:00:00,33.4,33,15,33.22,0,0,,0,0,50.1,18.4,30,1005.4,0,14,363,1.3,4,,Clear,clear-day,"C9785,72451013985,KDDC"
"ashland, KS",2018-06-11T19:00:00,32.9,32.5,15,34.16,0,0,,0,0,,24.1,20,1005.4,0,14,75,0.3,1,,Clear,clear-day,"C9785,72451013985,KDDC"
"ashland, KS",2018-06-11T20:00:00,31.2,30.6,14.4,36.07,0,0,,0,0,,24.1,20,1005.6,0,13,41,0.1,0,,Clear,clear-day,"C9785,72451013985,KDDC"
"ashland, KS",2018-06-11T21:00:00,27.9,27.7,13.9,42.24,0,0,,0,0,,14.8,360,1006,0,14,17,0.1,0,,Clear,clear-night,"C9785,72451013985,KDDC"
"ashland, KS",2018-06-11T22:00:00,23.4,23.4,13.9,55.18,0,0,,0,0,,16.6,360,1006.5,0,16,0,,0,,Clear,clear-night,"72451013985,KDDC"
"ashland, KS",2018-06-11T23:00:00,23.4,23.4,13.9,55.18,0,0,,0,0,,16.6,20,1007,0,16,0,,0,,Clear,clear-night,"72451013985,KDDC"
"ashland, KS",2018-06-12T00:00:00,22.2,22.2,13.9,59.16,0,0,,0,0,,18.4,40,1007.8,0,16,0,,0,,Clear,clear-night,"72451013985,KDDC"
"ashland, KS",2018-06-12T01:00:00,21.7,21.7,15.7,68.5,0,0,,0,0,,22.3,30,1008.8,0,16,0,,0,,Clear,clear-night,"72451013985,KDDC"
"ashland, KS",2018-06-12T02:00:00,21.2,21.2,16.2,73.14,0,0,,0,0,,20.5,30,1009.3,0,16,0,,0,,Clear,clear-night,"72451013985,KDDC"
"ashland, KS",2018-06-12T03:00:00,20.7,20.7,15.7,73.05,0,0,,0,0,,20.5,20,1009.1,0,16,0,,0,,Clear,clear-night,72451013985
"ashland, KS",2018-06-12T04:00:00,18.9,18.9,15.7,81.68,0,0,,0,0,,20.5,30,1008.8,0,14,0,,0,,Clear,clear-night,"72451013985,KDDC"
"ashland, KS",2018-06-12T05:00:00,18.4,18.4,15.7,84.28,0,0,,0,0,,18.4,30,1009.1,0,14,0,,0,,Clear,clear-night,"72451013985,KDDC"
"ashland, KS",2018-06-12T06:00:00,17.2,17.2,15,86.91,0,0,,0,0,,14.8,10,1009.5,0,13,13,0,0,,Clear,clear-night,"72451013985,KDDC"
"ashland, KS",2018-06-12T07:00:00,17.2,17.2,15,86.91,0,0,,0,0,,14.8,20,1010.4,27.5,8,26,0.1,0,,Partially cloudy,partly-cloudy-day,"C9785,72451013985,KDDC"
"ashland, KS",2018-06-12T08:00:00,19.4,19.4,16.7,84.66,0,0,,0,0,,20.5,40,1010.6,0,8,151,0.5,2,,Clear,clear-day,"C9785,72451013985,KDDC"
"ashland, KS",2018-06-12T09:00:00,22.2,22.2,17.8,76.39,0,0,,0,0,,11.2,70,1011.1,89,10,276,1,3,,Partially cloudy,partly-cloudy-day,"C9785,72451013985,KDDC"
"ashland, KS",2018-06-12T10:00:00,25.6,25.6,18.9,66.1,0,0,,0,0,,7.6,175.9,1011.7,27.5,11,450,1.6,5,,Partially cloudy,partly-cloudy-day,"C9785,72451013985,KDDC"
"ashland, KS",2018-06-12T11:00:00,28.4,29.8,19.4,58.19,0,0,,0,0,,11.2,100,1011.3,0,11,678,2.4,7,,Clear,clear-day,"C9785,72451013985,KDDC"
"ashland, KS",2018-06-12T12:00:00,30.7,32.2,19.4,50.97,0,0,,0,0,,13,110,1010.9,0,13,809,2.9,8,,Clear,clear-day,"C9785,72451013985,KDDC"
"ashland, KS",2018-06-12T13:00:00,32.2,33.6,18.9,45.23,0,0,,0,0,,7.6,188.4,1010.8,0,13,876,3.2,9,,Clear,clear-day,"C9785,72451013985,KDDC"
"ashland, KS",2018-06-12T14:00:00,35,36.5,18.4,37.48,0,0,,0,0,,14.8,120,1010.4,27.5,13,951,3.4,10,,Partially cloudy,partly-cloudy-day,"C9785,72451013985,KDDC"
"ashland, KS",2018-06-12T15:00:00,34.4,34.8,16.7,35.02,0,0,,0,0,,5.4,186.3,1010.1,27.5,13,897,3.2,9,,Partially cloudy,partly-cloudy-day,"C9785,72451013985,KDDC"
"ashland, KS",2018-06-12T16:00:00,35.7,36.5,17.2,33.63,0,0,,0,0,,5.4,169.2,1009.5,0,13,749,2.7,7,,Clear,clear-day,"C9785,72451013985,KDDC"
"ashland, KS",2018-06-12T17:00:00,35.7,36.5,17.2,33.63,0,0,,0,0,,11.9,156.9,1008.7,27.5,13,503,1.8,5,,Partially cloudy,partly-cloudy-day,"C9785,72451013985,KDDC"
"ashland, KS",2018-06-12T18:00:00,34.4,36.1,18.9,40.09,0,0,,0,0,29.5,20.5,30,1008.4,27.5,13,389,1.4,4,,Partially cloudy,partly-cloudy-day,"C9785,72451013985,KDDC"
"ashland, KS",2018-06-12T19:00:00,35.7,37.6,18.9,37.31,0,0,,0,0,38.9,20.5,30,1007.5,0,13,194,0.7,2,,Clear,clear-day,"C9785,72451013985,KDDC"
"ashland, KS",2018-06-12T20:00:00,29.3,30.1,17.8,50,0,0,,0,0,,24.1,130,1010.1,100,13,127,0.5,1,,Overcast,cloudy,"C9785,72451013985,KDDC"
"ashland, KS",2018-06-12T21:00:00,25.6,25.6,15,51.79,0,0,,0,0,,16.6,140,1011.2,0,11,28,0.1,0,,Clear,clear-night,"C9785,72451013985,KDDC"
"ashland, KS",2018-06-12T22:00:00,25,25,16.7,60.01,0,0,,0,0,,18.4,100,1012.9,89,14,0,,0,,Partially cloudy,partly-cloudy-night,"72451013985,KDDC"
"ashland, KS",2018-06-12T23:00:00,24.4,24.4,16.7,62.39,0,0,,0,0,,9.4,190,1011.3,0,13,0,,0,,Clear,clear-night,"72451013985,KDDC"
"ashland, KS",2018-06-13T00:00:00,23.4,23.4,16.7,66.25,0,0,,0,0,,5.4,240,1011.3,0,13,0,,0,,Clear,clear-night,"72451013985,KDDC"
"ashland, KS",2018-06-13T01:00:00,22.2,22.2,17.2,73.32,0,0,,0,0,,9.4,10,1012,0,13,0,,0,,Clear,clear-night,"72451013985,KDDC"
"ashland, KS",2018-06-13T02:00:00,21.7,21.7,18.9,83.86,0,0,,0,0,,5.4,350,1012.7,0,13,0,,0,,Clear,clear-night,"72451013985,KDDC"
"ashland, KS",2018-06-13T03:00:00,21.7,21.7,18.4,81.27,0,0,,0,0,,11.2,60,1011.4,0,13,0,,0,,Clear,clear-night,"72451013985,KDDC"
"ashland, KS",2018-06-13T04:00:00,22.2,22.2,17.8,76.39,0,0,,0,0,,9.4,30,1011.5,0,14,0,,0,,Clear,clear-night,"72451013985,KDDC"
"ashland, KS",2018-06-13T05:00:00,20.7,20.7,16.7,78.11,0,0,,0,0,,13,10,1012.3,0,14,0,,0,,Clear,clear-night,"72451013985,KDDC"
"ashland, KS",2018-06-13T06:00:00,20,20,17.2,83.93,0,0,,0,0,,9.4,60,1013,0,13,6.1,0,0,,Clear,clear-night,"72451013985,KDDC"
"ashland, KS",2018-06-13T07:00:00,20,20,17.8,87.44,0,0,,0,0,,0,0,1013.6,0,10,24,0.1,0,,Clear,clear-day,"C9785,72451013985,KDDC"
"ashland, KS",2018-06-13T08:00:00,22.2,22.2,18.9,81.34,0,0,,0,0,,9.4,20,1013.2,0,8,105,0.4,1,,Clear,clear-day,"C9785,72451013985,KDDC"
"ashland, KS",2018-06-13T09:00:00,24.4,24.4,19.4,73.69,0,0,,0,0,,13,10,1015.6,0,10,237,0.9,2,,Clear,clear-day,"C9785,72451013985,KDDC"
"ashland, KS",2018-06-13T10:00:00,26.2,26.2,19.4,66.21,0,0,,0,0,,13,360,1015.7,0,11,363,1.3,4,,Clear,clear-day,"C9785,72451013985,KDDC"
"ashland, KS",2018-06-13T11:00:00,27.2,28.4,18.9,60.33,0,0,,0,0,40.7,24.1,350,1015.5,0,11,378,1.4,4,,Clear,clear-day,"C9785,72451013985,KDDC"
"ashland, KS",2018-06-13T12:00:00,30,31.3,18.9,51.28,0,0,,0,0,44.5,16.6,70,1015,0,13,728,2.6,7,,Clear,clear-day,"C9785,72451013985,KDDC"
"ashland, KS",2018-06-13T13:00:00,30.7,31.1,17.2,44.53,0,0,,0,0,,33.5,110,1013.2,0,13,503,1.8,5,,Clear,clear-day,"C9785,72451013985,KDDC"
"ashland, KS",2018-06-13T14:00:00,31.2,32.2,18.4,46.53,0,0,,0,0,44.3,20.5,90,1013.4,0,13,445,1.6,4,,Clear,clear-day,"C9785,72451013985,KDDC"
"ashland, KS",2018-06-13T15:00:00,33.4,33.7,16.7,37.03,0,0,,0,0,46.3,33.5,100,1012.7,0,13,799,2.9,8,,Clear,clear-day,"C9785,72451013985,KDDC"
"ashland, KS",2018-06-13T16:00:00,33.4,33,15,33.22,0,0,,0,0,53.7,31.7,170,1012.3,0,14,778,2.8,8,,Clear,clear-day,"C9785,72451013985,KDDC"
"ashland, KS",2018-06-13T17:00:00,33.9,32.6,12.2,26.92,0,0,,0,0,55.4,33.5,170,1011.4,0,16,577,2.1,6,,Clear,clear-day,"C9785,72451013985,KDDC"
"ashland, KS",2018-06-13T18:00:00,33.9,32.9,13.4,29.03,0,0,,0,0,56.5,35.3,150,1010.5,0,14,337,1.2,3,,Clear,clear-day,"C9785,72451013985,KDDC"
"ashland, KS",2018-06-13T19:00:00,33.4,32.4,13.4,29.85,0,0,,0,0,52.8,31.7,180,1010.1,0,14,102,0.4,1,,Clear,clear-day,"C9785,72451013985,KDDC"
"ashland, KS",2018-06-13T20:00:00,31.7,30.7,12.9,31.71,0,0,,0,0,46.3,25.9,180,1010.2,0,14,60,0.2,1,,Clear,clear-day,"C9785,72451013985,KDDC"
"ashland, KS",2018-06-13T21:00:00,28.9,27.9,10.7,32.29,0,0,,0,0,,18.4,190,1010.8,0,14,23,0.1,0,,Clear,clear-day,"C9785,72451013985,KDDC"
"ashland, KS",2018-06-13T22:00:00,27.2,26.8,11.2,36.76,0,0,,0,0,,16.6,180,1011.4,27.5,16,0,,0,,Partially cloudy,partly-cloudy-night,"72451013985,KDDC"
"ashland, KS",2018-06-13T23:00:00,26.2,26.2,11.7,40.55,0,0,,0,0,,18.4,160,1011.3,27.5,13,0,,0,,Partially cloudy,partly-cloudy-night,"72451013985,KDDC"
"ashland, KS",2018-06-14T00:00:00,25.6,25.6,13.4,46.54,0,0,,0,0,,20.5,170,1010.6,0,16,0,,0,,Clear,clear-night,"72451013985,KDDC"
"ashland, KS",2018-06-14T01:00:00,26.7,26.9,13.9,45.19,0,0,,0,0,33.5,22.3,170,1010.3,27.5,16,0,,0,,Partially cloudy,partly-cloudy-night,"72451013985,KDDC"
"ashland, KS",2018-06-14T02:00:00,24.4,24.4,16.2,60.24,0,0,,0,0,,24.1,190,1009.9,0,16,0,,0,,Clear,clear-night,"72451013985,KDDC"
"ashland, KS",2018-06-14T03:00:00,25,25,15,53.83,0,0,,0,0,,24.1,180,1009.5,0,16,0,,0,,Clear,clear-night,"72451013985,KDDC"
"ashland, KS",2018-06-14T04:00:00,22.9,22.9,15.7,63.87,0,0,,0,0,,20.5,180,1009.5,27.5,16,0,,0,,Partially cloudy,partly-cloudy-night,"72451013985,KDDC"
"ashland, KS",2018-06-14T05:00:00,23.9,23.9,15.7,60.12,0,0,,0,0,,27.7,180,1008.8,0,16,0,,0,,Clear,clear-night,"72451013985,KDDC"
"ashland, KS",2018-06-14T06:00:00,23.4,23.4,15,59.43,0,0,,0,0,40.7,25.9,190,1008.8,0,16,11.5,0,0,,Clear,clear-night,"72451013985,KDDC"
"ashland, KS",2018-06-14T07:00:00,23.4,23.4,15,59.43,0,0,,0,0,53.6,31.7,190,1008.9,0,14,32,0.1,0,,Clear,clear-day,"C9785,72451013985,KDDC"
"ashland, KS",2018-06-14T08:00:00,24.4,24.4,15,55.96,0,0,,0,0,47.2,33.5,190,1009.1,0,14,151,0.5,2,,Clear,clear-day,"C9785,72451013985,KDDC"
"ashland, KS",2018-06-14T09:00:00,26.2,26.2,15.7,52.42,0,0,,0,0,50,33.5,200,1009.5,0,14,307,1.1,3,,Clear,clear-day,"C9785,72451013985,KDDC"
"ashland, KS",2018-06-14T10:00:00,28.4,28.3,15,44.19,0,0,,0,0,58.3,42.5,210,1009.7,0,13,392,1.4,4,,Clear,clear-day,"C9785,72451013985,KDDC"
"ashland, KS",2018-06-14T11:00:00,31.7,31.1,14.4,34.96,0,0,,0,0,63,40.7,210,1008.8,0,13,664,2.4,7,,Clear,clear-day,"C9785,72451013985,KDDC"
"ashland, KS",2018-06-14T12:00:00,34.4,33.4,13.4,28.23,0,0,,0,0,61.2,40.7,220,1008,0,14,825,3,8,,Clear,clear-day,"C9785,72451013985,KDDC"
"ashland, KS",2018-06-14T13:00:00,36.2,35.2,12.9,24.73,0,0,,0,0,61.2,37.1,200,1007.2,0,13,896,3.2,9,,Clear,clear-day,"C9785,72451013985,KDDC"
"ashland, KS",2018-06-14T14:00:00,36.7,35.3,11.2,21.46,0,0,,0,0,64.8,37.1,210,1006.8,0,14,925,3.3,9,,Clear,clear-day,"C9785,72451013985,KDDC"
"ashland, KS",2018-06-14T15:00:00,38.4,37.2,11.7,20.34,0,0,,0,0,57.2,31.7,180,1006,0,14,899,3.2,9,,Clear,clear-day,"C9785,72451013985,KDDC"
"ashland, KS",2018-06-14T16:00:00,37.9,36.7,11.7,20.9,0,0,,0,0,59.2,37.1,190,1005.7,0,14,841,3,8,,Clear,clear-day,"C9785,72451013985,KDDC"
"ashland, KS",2018-06-14T17:00:00,37.9,36.5,11.2,20.15,0,0,,0,0,60.3,37.1,190,1004.8,0,14,674,2.4,7,,Clear,clear-day,"C9785,72451013985,KDDC"
"ashland, KS",2018-06-14T18:00:00,37.9,36.7,11.7,20.9,0,0,,0,0,64.8,35.3,180,1004.4,0,14,307,1.1,3,,Clear,clear-day,"C9785,72451013985,KDDC"
"ashland, KS",2018-06-14T19:00:00,36.2,35.4,13.4,25.55,0,0,,0,0,56.3,38.9,170,1004,0,14,158,0.6,2,,Clear,clear-day,"C9785,72451013985,KDDC"
"ashland, KS",2018-06-14T20:00:00,33.4,32.7,14.4,31.85,0,0,,0,0,64.8,46.4,170,1004.2,0,13,66,0.2,1,,Clear,clear-day,"C9785,72451013985,KDDC"
"ashland, KS",2018-06-14T21:00:00,31.2,30.8,15,37.61,0,0,,0,0,61,37.1,170,1004.5,0,13,24,0.1,0,,Clear,clear-day,"C9785,72451013985,KDDC"
"ashland, KS",2018-06-14T22:00:00,30,29.7,15,40.17,0,0,,0,0,57.4,40.7,170,1004.9,0,14,0,,0,,Clear,clear-night,"72451013985,KDDC"
"ashland, KS",2018-06-14T23:00:00,29.3,29,14.4,39.99,0,0,,0,0,53.6,37.1,170,1006.2,0,16,0,,0,,Clear,clear-night,"72451013985,KDDC"
"ashland, KS",2018-06-15T00:00:00,27.9,27.9,15,45.5,0,0,,0,0,46.4,31.7,170,1006.1,0,16,0,,0,,Clear,clear-night,"72451013985,KDDC"
"ashland, KS",2018-06-15T01:00:00,26.7,27,14.4,46.68,0,0,,0,0,48.2,31.7,170,1006.3,0,16,0,,0,,Clear,clear-night,"72451013985,KDDC"
"ashland, KS",2018-06-15T02:00:00,26.2,26.2,13.9,46.68,0,0,,0,0,42.5,29.5,180,1006.5,0,16,0,,0,,Clear,clear-night,"72451013985,KDDC"
"ashland, KS",2018-06-15T03:00:00,25.6,25.6,13.4,46.54,0,0,,0,0,40.7,24.1,170,1006,0,16,0,,0,,Clear,clear-night,"72451013985,KDDC"
"ashland, KS",2018-06-15T04:00:00,24.4,24.4,12.9,48.68,0,0,,0,0,,24.1,160,1005.8,0,16,0,,0,,Clear,clear-night,"72451013985,KDDC"
"ashland, KS",2018-06-15T05:00:00,23.9,23.9,12.9,50.16,0,0,,0,0,,29.5,160,1005.6,0,16,0,,0,,Clear,clear-night,"72451013985,KDDC"
"ashland, KS",2018-06-15T06:00:00,23.4,23.4,12.9,51.69,0,0,,0,0,,24.1,170,1005.9,0,16,11.8,0,0,,Clear,clear-night,"72451013985,KDDC"
"ashland, KS",2018-06-15T07:00:00,23.9,23.9,12.9,50.16,0,0,,0,0,40.7,27.7,180,1005.7,0,14,28,0.1,0,,Clear,clear-day,"C9785,72451013985,KDDC"
"ashland, KS",2018-06-15T08:00:00,25,25,13.4,48.38,0,0,,0,0,53.6,35.3,180,1005.2,0,14,108,0.4,1,,Clear,clear-day,"C9785,72451013985,KDDC"
"ashland, KS",2018-06-15T09:00:00,27.9,27.5,12.9,39.58,0,0,,0,0,59.2,40.7,200,1005.6,0,14,281,1,3,,Clear,clear-day,"C9785,72451013985,KDDC"
"ashland, KS",2018-06-15T10:00:00,30.7,29.7,12.9,33.66,0,0,,0,0,63,42.5,200,1005.8,0,14,355,1.3,4,,Clear,clear-day,"C9785,72451013985,KDDC"
"ashland, KS",2018-06-15T11:00:00,33.9,32.8,12.9,28.09,0,0,,0,0,65.7,38.9,200,1005.1,0,14,600.8,2.2,6,,Clear,clear-day,"72451013985,KDDC"
"ashland, KS",2018-06-15T12:00:00,35.7,34.7,12.9,25.42,0,0,,0,0,71.3,44.6,200,1004.8,0,14,788.5,2.8,8,,Clear,clear-day,"72451013985,KDDC"
"ashland, KS",2018-06-15T13:00:00,36.7,35.8,12.9,24,0,0,,0,0,79.6,50,180,1004.4,0,14,909.5,3.3,9,,Clear,wind,"72451013985,KDDC"
"ashland, KS",2018-06-15T14:00:00,37.2,36.3,12.9,23.35,0,0,,0,0,75.1,50,190,1003.8,0,14,944,3.4,9,,Clear,wind,"72451013985,KDDC"
"ashland, KS",2018-06-15T15:00:00,38.4,37.4,12.2,21.02,0,0,,0,0,76,44.6,200,1003.1,0,14,878,3.2,9,,Clear,clear-day,"C9785,72451013985,KDDC"
"ashland, KS",2018-06-15T16:00:00,38.9,38.1,12.9,21.35,0,0,,0,0,75.1,40.7,190,1002.9,0,14,800,2.9,8,,Clear,clear-day,"C9785,72451013985,KDDC"
"ashland, KS",2018-06-15T17:00:00,37.9,36.7,11.7,20.9,0,0,,0,0,73.1,51.8,180,1002.7,0,14,598,2.2,6,,Clear,wind,"C9785,72451013985,KDDC"
"ashland, KS",2018-06-15T18:00:00,37.2,36.3,12.9,23.35,0,0,,0,0,71.1,46.4,180,1002.6,0,14,341,1.2,3,,Clear,clear-day,"C9785,72451013985,KDDC"
"ashland, KS",2018-06-15T19:00:00,35.7,34.7,12.9,25.42,0,0,,0,0,69.3,42.5,170,1002.4,0,14,80,0.3,1,,Clear,clear-day,"C9785,72451013985,KDDC"
"ashland, KS",2018-06-15T20:00:00,33.9,32.8,12.9,28.09,0,0,,0,0,67.5,44.6,170,1002.7,0,14,34,0.1,0,,Clear,clear-day,"C9785,72451013985,KDDC"
"ashland, KS",2018-06-15T21:00:00,32.2,31,12.2,29.54,0,0,,0,0,59.2,38.9,170,1003.1,0,13,15,0.1,0,,Clear,clear-day,"C9785,72451013985,KDDC"
"ashland, KS",2018-06-15T22:00:00,30,29.3,13.4,36.1,0,0,,0,0,47.9,35.3,170,1003.9,0,13,0,,0,,Clear,clear-night,"72451013985,KDDC"
"ashland, KS",2018-06-15T23:00:00,28.9,28.6,14.4,41.17,0,0,,0,0,48.2,35.3,170,1004.6,0,16,0,,0,,Clear,clear-night,"72451013985,KDDC"
