DateTime_UTC,DateTime_EST,WaterTemp_C,DO_mgL
           2018-06-11 19:09:00,           2018-06-11 15:09:00,29.032,4.05
           2018-06-11 19:19:00,           2018-06-11 15:19:00,26.946,4.115
           2018-06-11 19:29:00,           2018-06-11 15:29:00,26.439,4.342
           2018-06-11 19:39:00,           2018-06-11 15:39:00,26.354,4.441
           2018-06-11 19:49:00,           2018-06-11 15:49:00,26.27,4.198
           2018-06-11 19:59:00,           2018-06-11 15:59:00,26.278,4.08
           2018-06-11 20:09:00,           2018-06-11 16:09:00,26.27,4.185
           2018-06-11 20:19:00,           2018-06-11 16:19:00,26.32,4.194
           2018-06-11 20:29:00,           2018-06-11 16:29:00,26.354,4.353
           2018-06-11 20:39:00,           2018-06-11 16:39:00,26.346,4.714
           2018-06-11 20:49:00,           2018-06-11 16:49:00,26.312,4.463
           2018-06-11 20:59:00,           2018-06-11 16:59:00,26.304,4.37
           2018-06-11 21:09:00,           2018-06-11 17:09:00,26.278,4.307
           2018-06-11 21:19:00,           2018-06-11 17:19:00,26.278,4.047
           2018-06-11 21:29:00,           2018-06-11 17:29:00,26.312,3.925
           2018-06-11 21:39:00,           2018-06-11 17:39:00,26.32,3.958
           2018-06-11 21:49:00,           2018-06-11 17:49:00,26.354,3.848
           2018-06-11 21:59:00,           2018-06-11 17:59:00,26.413,4.003
           2018-06-11 22:09:00,           2018-06-11 18:09:00,26.388,4.088
           2018-06-11 22:19:00,           2018-06-11 18:19:00,26.363,3.944
           2018-06-11 22:29:00,           2018-06-11 18:29:00,26.346,3.613
           2018-06-11 22:39:00,           2018-06-11 18:39:00,26.371,3.62
           2018-06-11 22:49:00,           2018-06-11 18:49:00,26.38,3.579
           2018-06-11 22:59:00,           2018-06-11 18:59:00,26.405,3.673
           2018-06-11 23:09:00,           2018-06-11 19:09:00,26.447,3.83
           2018-06-11 23:19:00,           2018-06-11 19:19:00,26.422,3.783
           2018-06-11 23:29:00,           2018-06-11 19:29:00,26.43,3.747
           2018-06-11 23:39:00,           2018-06-11 19:39:00,26.43,3.711
           2018-06-11 23:49:00,           2018-06-11 19:49:00,26.405,3.685
           2018-06-11 23:59:00,           2018-06-11 19:59:00,26.413,3.707
           2018-06-12 00:09:00,           2018-06-11 20:09:00,26.388,3.672
           2018-06-12 00:19:00,           2018-06-11 20:19:00,26.396,3.572
           2018-06-12 00:29:00,           2018-06-11 20:29:00,26.396,3.528
           2018-06-12 00:39:00,           2018-06-11 20:39:00,26.456,3.66
           2018-06-12 00:49:00,           2018-06-11 20:49:00,26.38,3.174
           2018-06-12 00:59:00,           2018-06-11 20:59:00,26.32,1.864
           2018-06-12 01:09:00,           2018-06-11 21:09:00,26.38,2.727
           2018-06-12 01:19:00,           2018-06-11 21:19:00,26.396,3.128
           2018-06-12 01:29:00,           2018-06-11 21:29:00,26.363,3.126
           2018-06-12 01:39:00,           2018-06-11 21:39:00,26.396,3.241
           2018-06-12 01:49:00,           2018-06-11 21:49:00,26.371,3.282
           2018-06-12 01:59:00,           2018-06-11 21:59:00,26.312,3.292
           2018-06-12 02:09:00,           2018-06-11 22:09:00,26.295,3.215
           2018-06-12 02:19:00,           2018-06-11 22:19:00,26.27,3.188
           2018-06-12 02:29:00,           2018-06-11 22:29:00,26.261,3.141
           2018-06-12 02:39:00,           2018-06-11 22:39:00,26.27,3.075
           2018-06-12 02:49:00,           2018-06-11 22:49:00,26.185,2.954
           2018-06-12 02:59:00,           2018-06-11 22:59:00,26.261,2.897
           2018-06-12 03:09:00,           2018-06-11 23:09:00,26.219,2.781
           2018-06-12 03:19:00,           2018-06-11 23:19:00,26.185,2.72
           2018-06-12 03:29:00,           2018-06-11 23:29:00,26.219,2.792
           2018-06-12 03:39:00,           2018-06-11 23:39:00,26.202,2.866
           2018-06-12 03:49:00,           2018-06-11 23:49:00,26.093,2.841
           2018-06-12 03:59:00,           2018-06-11 23:59:00,26.059,2.835
           2018-06-12 04:09:00,           2018-06-12 00:09:00,26.025,2.981
           2018-06-12 04:19:00,           2018-06-12 00:19:00,26.008,2.893
           2018-06-12 04:29:00,           2018-06-12 00:29:00,25.949,2.844
           2018-06-12 04:39:00,           2018-06-12 00:39:00,25.932,2.747
           2018-06-12 04:49:00,           2018-06-12 00:49:00,25.882,2.807
           2018-06-12 04:59:00,           2018-06-12 00:59:00,25.831,2.866
           2018-06-12 05:09:00,           2018-06-12 01:09:00,25.806,2.82
           2018-06-12 05:19:00,           2018-06-12 01:19:00,25.739,2.914
           2018-06-12 05:29:00,           2018-06-12 01:29:00,25.671,2.811
           2018-06-12 05:39:00,           2018-06-12 01:39:00,25.621,2.745
           2018-06-12 05:49:00,           2018-06-12 01:49:00,25.545,2.722
           2018-06-12 05:59:00,           2018-06-12 01:59:00,25.419,2.638
           2018-06-12 06:09:00,           2018-06-12 02:09:00,25.402,2.518
           2018-06-12 06:19:00,           2018-06-12 02:19:00,25.31,2.581
           2018-06-12 06:29:00,           2018-06-12 02:29:00,25.259,2.566
           2018-06-12 06:39:00,           2018-06-12 02:39:00,25.2,2.544
           2018-06-12 06:49:00,           2018-06-12 02:49:00,25.141,2.517
           2018-06-12 06:59:00,           2018-06-12 02:59:00,25.099,2.496
           2018-06-12 07:09:00,           2018-06-12 03:09:00,25.007,2.498
           2018-06-12 07:19:00,           2018-06-12 03:19:00,24.957,2.473
           2018-06-12 07:29:00,           2018-06-12 03:29:00,24.915,2.421
           2018-06-12 07:39:00,           2018-06-12 03:39:00,24.864,2.379
           2018-06-12 07:49:00,           2018-06-12 03:49:00,24.789,2.311
           2018-06-12 07:59:00,           2018-06-12 03:59:00,24.764,2.296
           2018-06-12 08:09:00,           2018-06-12 04:09:00,24.713,2.196
           2018-06-12 08:19:00,           2018-06-12 04:19:00,24.671,2.159
           2018-06-12 08:29:00,           2018-06-12 04:29:00,24.604,2.1
           2018-06-12 08:39:00,           2018-06-12 04:39:00,24.571,2.052
           2018-06-12 08:49:00,           2018-06-12 04:49:00,24.537,1.967
           2018-06-12 08:59:00,           2018-06-12 04:59:00,24.487,1.962
           2018-06-12 09:09:00,           2018-06-12 05:09:00,24.436,1.929
           2018-06-12 09:19:00,           2018-06-12 05:19:00,24.353,1.825
           2018-06-12 09:29:00,           2018-06-12 05:29:00,24.311,1.846
           2018-06-12 09:39:00,           2018-06-12 05:39:00,24.277,1.729
           2018-06-12 09:49:00,           2018-06-12 05:49:00,24.26,1.65
           2018-06-12 09:59:00,           2018-06-12 05:59:00,24.219,1.6
           2018-06-12 10:09:00,           2018-06-12 06:09:00,24.185,1.589
           2018-06-12 10:19:00,           2018-06-12 06:19:00,24.177,1.515
           2018-06-12 10:29:00,           2018-06-12 06:29:00,24.118,1.504
           2018-06-12 10:39:00,           2018-06-12 06:39:00,24.059,1.583
           2018-06-12 10:49:00,           2018-06-12 06:49:00,24.001,1.564
           2018-06-12 10:59:00,           2018-06-12 06:59:00,23.967,1.524
           2018-06-12 11:09:00,           2018-06-12 07:09:00,23.917,1.461
           2018-06-12 11:19:00,           2018-06-12 07:19:00,23.875,1.412
           2018-06-12 11:29:00,           2018-06-12 07:29:00,23.833,1.336
           2018-06-12 11:39:00,           2018-06-12 07:39:00,23.791,1.255
           2018-06-12 11:49:00,           2018-06-12 07:49:00,23.741,1.19
           2018-06-12 11:59:00,           2018-06-12 07:59:00,23.716,1.131
           2018-06-12 12:09:00,           2018-06-12 08:09:00,23.699,1.121
           2018-06-12 12:19:00,           2018-06-12 08:19:00,23.674,1.09
           2018-06-12 12:29:00,           2018-06-12 08:29:00,23.632,1.043
           2018-06-12 12:39:00,           2018-06-12 08:39:00,23.582,1.021
           2018-06-12 12:49:00,           2018-06-12 08:49:00,23.557,1.021
           2018-06-12 12:59:00,           2018-06-12 08:59:00,23.549,1.01
           2018-06-12 13:09:00,           2018-06-12 09:09:00,23.549,1.005
           2018-06-12 13:19:00,           2018-06-12 09:19:00,23.54,0.978
           2018-06-12 13:29:00,           2018-06-12 09:29:00,23.524,0.943
           2018-06-12 13:39:00,           2018-06-12 09:39:00,23.515,0.903
           2018-06-12 13:49:00,           2018-06-12 09:49:00,23.524,0.91
           2018-06-12 13:59:00,           2018-06-12 09:59:00,23.532,0.91
           2018-06-12 14:09:00,           2018-06-12 10:09:00,23.524,0.945
           2018-06-12 14:19:00,           2018-06-12 10:19:00,23.532,0.97
           2018-06-12 14:29:00,           2018-06-12 10:29:00,23.557,0.981
           2018-06-12 14:39:00,           2018-06-12 10:39:00,23.524,1.007
           2018-06-12 14:49:00,           2018-06-12 10:49:00,23.54,1.018
           2018-06-12 14:59:00,           2018-06-12 10:59:00,23.582,1.028
           2018-06-12 15:09:00,           2018-06-12 11:09:00,23.582,1.016
           2018-06-12 15:19:00,           2018-06-12 11:19:00,23.574,1.047
           2018-06-12 15:29:00,           2018-06-12 11:29:00,23.616,1.104
           2018-06-12 15:39:00,           2018-06-12 11:39:00,23.649,1.11
           2018-06-12 15:49:00,           2018-06-12 11:49:00,23.632,1.081
           2018-06-12 15:59:00,           2018-06-12 11:59:00,23.641,1.119
           2018-06-12 16:09:00,           2018-06-12 12:09:00,23.716,1.146
           2018-06-12 16:19:00,           2018-06-12 12:19:00,23.808,1.268
           2018-06-12 16:29:00,           2018-06-12 12:29:00,23.808,1.395
           2018-06-12 16:39:00,           2018-06-12 12:39:00,23.817,1.461
           2018-06-12 16:49:00,           2018-06-12 12:49:00,23.858,1.516
           2018-06-12 16:59:00,           2018-06-12 12:59:00,23.858,1.605
           2018-06-12 17:09:00,           2018-06-12 13:09:00,23.867,1.673
           2018-06-12 17:19:00,           2018-06-12 13:19:00,23.9,1.719
           2018-06-12 17:29:00,           2018-06-12 13:29:00,23.909,1.792
           2018-06-12 17:39:00,           2018-06-12 13:39:00,23.942,1.806
           2018-06-12 17:49:00,           2018-06-12 13:49:00,23.967,1.859
           2018-06-12 17:59:00,           2018-06-12 13:59:00,24.034,1.972
           2018-06-12 18:09:00,           2018-06-12 14:09:00,24.034,1.982
           2018-06-12 18:19:00,           2018-06-12 14:19:00,24.059,2.058
           2018-06-12 18:29:00,           2018-06-12 14:29:00,24.143,2.071
           2018-06-12 18:39:00,           2018-06-12 14:39:00,24.168,2.136
           2018-06-12 18:49:00,           2018-06-12 14:49:00,24.143,1.116
           2018-06-12 18:59:00,           2018-06-12 14:59:00,24.202,1.153
           2018-06-12 19:09:00,           2018-06-12 15:09:00,24.21,1.28
           2018-06-12 19:19:00,           2018-06-12 15:19:00,24.286,1.449
           2018-06-12 19:29:00,           2018-06-12 15:29:00,24.277,1.518
           2018-06-12 19:39:00,           2018-06-12 15:39:00,24.302,1.543
           2018-06-12 19:49:00,           2018-06-12 15:49:00,24.294,1.776
           2018-06-12 19:59:00,           2018-06-12 15:59:00,24.353,1.903
           2018-06-12 20:09:00,           2018-06-12 16:09:00,24.344,2.006
           2018-06-12 20:19:00,           2018-06-12 16:19:00,24.386,2.018
           2018-06-12 20:29:00,           2018-06-12 16:29:00,24.47,2.138
           2018-06-12 20:39:00,           2018-06-12 16:39:00,24.587,2.206
           2018-06-12 20:49:00,           2018-06-12 16:49:00,24.529,2.259
           2018-06-12 20:59:00,           2018-06-12 16:59:00,24.571,2.248
           2018-06-12 21:09:00,           2018-06-12 17:09:00,24.537,2.341
           2018-06-12 21:19:00,           2018-06-12 17:19:00,24.554,2.438
           2018-06-12 21:29:00,           2018-06-12 17:29:00,24.545,2.52
           2018-06-12 21:39:00,           2018-06-12 17:39:00,24.604,2.514
           2018-06-12 21:49:00,           2018-06-12 17:49:00,24.671,2.582
           2018-06-12 21:59:00,           2018-06-12 17:59:00,24.646,2.776
           2018-06-12 22:09:00,           2018-06-12 18:09:00,24.73,2.739
           2018-06-12 22:19:00,           2018-06-12 18:19:00,24.789,2.85
           2018-06-12 22:29:00,           2018-06-12 18:29:00,24.789,2.87
           2018-06-12 22:39:00,           2018-06-12 18:39:00,24.755,2.88
           2018-06-12 22:49:00,           2018-06-12 18:49:00,24.78,2.836
           2018-06-12 22:59:00,           2018-06-12 18:59:00,24.848,2.83
           2018-06-12 23:09:00,           2018-06-12 19:09:00,24.881,2.901
           2018-06-12 23:19:00,           2018-06-12 19:19:00,24.906,2.935
           2018-06-12 23:29:00,           2018-06-12 19:29:00,24.948,2.993
           2018-06-12 23:39:00,           2018-06-12 19:39:00,24.973,3.081
           2018-06-12 23:49:00,           2018-06-12 19:49:00,24.957,3.054
           2018-06-12 23:59:00,           2018-06-12 19:59:00,24.982,3.014
           2018-06-13 00:09:00,           2018-06-12 20:09:00,25.007,3.02
           2018-06-13 00:19:00,           2018-06-12 20:19:00,25.015,3.067
           2018-06-13 00:29:00,           2018-06-12 20:29:00,25.032,2.986
           2018-06-13 00:39:00,           2018-06-12 20:39:00,25.049,2.995
           2018-06-13 00:49:00,           2018-06-12 20:49:00,25.024,3.037
           2018-06-13 00:59:00,           2018-06-12 20:59:00,25.032,3.036
           2018-06-13 01:09:00,           2018-06-12 21:09:00,25.024,3.015
           2018-06-13 01:19:00,           2018-06-12 21:19:00,25.007,2.959
           2018-06-13 01:29:00,           2018-06-12 21:29:00,24.982,2.901
           2018-06-13 01:39:00,           2018-06-12 21:39:00,25.007,2.825
           2018-06-13 01:49:00,           2018-06-12 21:49:00,25.032,2.893
           2018-06-13 01:59:00,           2018-06-12 21:59:00,24.99,2.754
           2018-06-13 02:09:00,           2018-06-12 22:09:00,25.024,2.727
           2018-06-13 02:19:00,           2018-06-12 22:19:00,24.965,2.647
           2018-06-13 02:29:00,           2018-06-12 22:29:00,24.973,2.597
           2018-06-13 02:39:00,           2018-06-12 22:39:00,24.99,2.624
           2018-06-13 02:49:00,           2018-06-12 22:49:00,24.999,2.596
           2018-06-13 02:59:00,           2018-06-12 22:59:00,24.982,2.507
           2018-06-13 03:09:00,           2018-06-12 23:09:00,24.965,2.511
           2018-06-13 03:19:00,           2018-06-12 23:19:00,24.982,2.486
           2018-06-13 03:29:00,           2018-06-12 23:29:00,24.965,2.464
           2018-06-13 03:39:00,           2018-06-12 23:39:00,24.982,2.363
           2018-06-13 03:49:00,           2018-06-12 23:49:00,24.99,2.281
           2018-06-13 03:59:00,           2018-06-12 23:59:00,24.973,2.216
           2018-06-13 04:09:00,           2018-06-13 00:09:00,24.948,2.225
           2018-06-13 04:19:00,           2018-06-13 00:19:00,24.973,2.243
           2018-06-13 04:29:00,           2018-06-13 00:29:00,24.94,2.295
           2018-06-13 04:39:00,           2018-06-13 00:39:00,24.957,2.211
           2018-06-13 04:49:00,           2018-06-13 00:49:00,24.931,2.175
           2018-06-13 04:59:00,           2018-06-13 00:59:00,24.948,2.173
           2018-06-13 05:09:00,           2018-06-13 01:09:00,24.948,2.102
           2018-06-13 05:19:00,           2018-06-13 01:19:00,24.923,2.053
           2018-06-13 05:29:00,           2018-06-13 01:29:00,24.931,2.027
           2018-06-13 05:39:00,           2018-06-13 01:39:00,24.94,2.009
           2018-06-13 05:49:00,           2018-06-13 01:49:00,24.94,2.01
           2018-06-13 05:59:00,           2018-06-13 01:59:00,24.965,1.915
           2018-06-13 06:09:00,           2018-06-13 02:09:00,24.965,1.824
           2018-06-13 06:19:00,           2018-06-13 02:19:00,24.957,1.762
           2018-06-13 06:29:00,           2018-06-13 02:29:00,24.923,1.784
           2018-06-13 06:39:00,           2018-06-13 02:39:00,24.856,1.792
           2018-06-13 06:49:00,           2018-06-13 02:49:00,24.848,1.869
           2018-06-13 06:59:00,           2018-06-13 02:59:00,24.806,1.805
           2018-06-13 07:09:00,           2018-06-13 03:09:00,24.78,1.772
           2018-06-13 07:19:00,           2018-06-13 03:19:00,24.764,1.758
           2018-06-13 07:29:00,           2018-06-13 03:29:00,24.722,1.655
           2018-06-13 07:39:00,           2018-06-13 03:39:00,24.696,1.609
           2018-06-13 07:49:00,           2018-06-13 03:49:00,24.663,1.614
           2018-06-13 07:59:00,           2018-06-13 03:59:00,24.646,1.56
           2018-06-13 08:09:00,           2018-06-13 04:09:00,24.604,1.592
           2018-06-13 08:19:00,           2018-06-13 04:19:00,24.545,1.612
           2018-06-13 08:29:00,           2018-06-13 04:29:00,24.537,1.549
           2018-06-13 08:39:00,           2018-06-13 04:39:00,24.512,1.505
           2018-06-13 08:49:00,           2018-06-13 04:49:00,24.487,1.575
           2018-06-13 08:59:00,           2018-06-13 04:59:00,24.445,1.568
           2018-06-13 09:09:00,           2018-06-13 05:09:00,24.403,1.536
           2018-06-13 09:19:00,           2018-06-13 05:19:00,24.327,1.516
           2018-06-13 09:29:00,           2018-06-13 05:29:00,24.26,1.531
           2018-06-13 09:39:00,           2018-06-13 05:39:00,24.219,1.457
           2018-06-13 09:49:00,           2018-06-13 05:49:00,24.219,1.467
           2018-06-13 09:59:00,           2018-06-13 05:59:00,24.185,1.402
           2018-06-13 10:09:00,           2018-06-13 06:09:00,24.135,1.314
           2018-06-13 10:19:00,           2018-06-13 06:19:00,24.11,1.34
           2018-06-13 10:29:00,           2018-06-13 06:29:00,24.017,1.329
           2018-06-13 10:39:00,           2018-06-13 06:39:00,23.992,1.244
           2018-06-13 10:49:00,           2018-06-13 06:49:00,23.917,1.228
           2018-06-13 10:59:00,           2018-06-13 06:59:00,23.867,1.268
           2018-06-13 11:09:00,           2018-06-13 07:09:00,23.842,1.204
           2018-06-13 11:19:00,           2018-06-13 07:19:00,23.808,1.157
           2018-06-13 11:29:00,           2018-06-13 07:29:00,23.758,1.114
           2018-06-13 11:39:00,           2018-06-13 07:39:00,23.741,1.038
           2018-06-13 11:49:00,           2018-06-13 07:49:00,23.691,1.041
           2018-06-13 11:59:00,           2018-06-13 07:59:00,23.674,0.998
           2018-06-13 12:09:00,           2018-06-13 08:09:00,23.641,0.951
           2018-06-13 12:19:00,           2018-06-13 08:19:00,23.616,0.906
           2018-06-13 12:29:00,           2018-06-13 08:29:00,23.582,0.915
           2018-06-13 12:39:00,           2018-06-13 08:39:00,23.565,0.886
           2018-06-13 12:49:00,           2018-06-13 08:49:00,23.524,0.884
           2018-06-13 12:59:00,           2018-06-13 08:59:00,23.532,0.887
           2018-06-13 13:09:00,           2018-06-13 09:09:00,23.515,0.87
           2018-06-13 13:19:00,           2018-06-13 09:19:00,23.49,0.891
           2018-06-13 13:29:00,           2018-06-13 09:29:00,23.482,0.922
           2018-06-13 13:39:00,           2018-06-13 09:39:00,23.44,0.893
           2018-06-13 13:49:00,           2018-06-13 09:49:00,23.407,0.985
           2018-06-13 13:59:00,           2018-06-13 09:59:00,23.381,1.015
           2018-06-13 14:09:00,           2018-06-13 10:09:00,23.373,1.072
           2018-06-13 14:19:00,           2018-06-13 10:19:00,23.315,1.019
           2018-06-13 14:29:00,           2018-06-13 10:29:00,23.34,1.01
           2018-06-13 14:39:00,           2018-06-13 10:39:00,23.34,0.996
           2018-06-13 14:49:00,           2018-06-13 10:49:00,23.348,0.959
           2018-06-13 14:59:00,           2018-06-13 10:59:00,23.356,0.881
           2018-06-13 15:09:00,           2018-06-13 11:09:00,23.365,0.854
           2018-06-13 15:19:00,           2018-06-13 11:19:00,23.381,0.865
           2018-06-13 15:29:00,           2018-06-13 11:29:00,23.381,0.941
           2018-06-13 15:39:00,           2018-06-13 11:39:00,23.415,1.113
           2018-06-13 15:49:00,           2018-06-13 11:49:00,23.44,1.237
           2018-06-13 15:59:00,           2018-06-13 11:59:00,23.432,1.32
           2018-06-13 16:09:00,           2018-06-13 12:09:00,23.448,1.603
           2018-06-13 16:19:00,           2018-06-13 12:19:00,23.482,1.836
           2018-06-13 16:29:00,           2018-06-13 12:29:00,23.515,1.828
           2018-06-13 16:39:00,           2018-06-13 12:39:00,23.499,1.723
           2018-06-13 16:49:00,           2018-06-13 12:49:00,23.557,1.712
           2018-06-13 16:59:00,           2018-06-13 12:59:00,23.549,1.692
           2018-06-13 17:09:00,           2018-06-13 13:09:00,23.557,1.791
           2018-06-13 17:19:00,           2018-06-13 13:19:00,23.574,1.809
           2018-06-13 17:29:00,           2018-06-13 13:29:00,23.591,1.814
           2018-06-13 17:39:00,           2018-06-13 13:39:00,23.591,1.903
           2018-06-13 17:49:00,           2018-06-13 13:49:00,23.607,1.971
           2018-06-13 17:59:00,           2018-06-13 13:59:00,23.607,2.057
           2018-06-13 18:09:00,           2018-06-13 14:09:00,23.632,2.086
           2018-06-13 18:19:00,           2018-06-13 14:19:00,23.607,2.152
           2018-06-13 18:29:00,           2018-06-13 14:29:00,23.632,2.188
           2018-06-13 18:39:00,           2018-06-13 14:39:00,23.666,2.174
           2018-06-13 18:49:00,           2018-06-13 14:49:00,23.683,2.297
           2018-06-13 18:59:00,           2018-06-13 14:59:00,23.708,2.385
           2018-06-13 19:09:00,           2018-06-13 15:09:00,23.699,2.255
           2018-06-13 19:19:00,           2018-06-13 15:19:00,23.724,2.272
           2018-06-13 19:29:00,           2018-06-13 15:29:00,23.75,2.384
           2018-06-13 19:39:00,           2018-06-13 15:39:00,23.733,2.292
           2018-06-13 19:49:00,           2018-06-13 15:49:00,23.741,2.358
           2018-06-13 19:59:00,           2018-06-13 15:59:00,23.766,2.395
           2018-06-13 20:09:00,           2018-06-13 16:09:00,23.75,2.512
           2018-06-13 20:19:00,           2018-06-13 16:19:00,23.775,2.436
           2018-06-13 20:29:00,           2018-06-13 16:29:00,24.713,7.932
           2018-06-13 20:39:00,           2018-06-13 16:39:00,25.427,7.813
           2018-06-13 20:49:00,           2018-06-13 16:49:00,25.941,7.739