SiteName,State,Latitude,Longitude,Ecoregion,Organization,NEON_SiteID,StreamPULSE_SiteID,date,Min_Elevation,Mean_Elevation,Max_Elevation,Mean_Slope,Aspect,WatershedArea_km2,LandCover_Water_km2,LandCover_Trees_km2,LandCover_Grass_km2,LandCover_FloodedVeg_km2,LandCover_Crop_km2,LandCover_ShrubScrub_km2,LandCover_Built_km2,LandCover_Bare_km2,ReachWidth_Avg_m,TransectDepth_Avg_cm,CanopyCover_Avg_perc,DOC_mgL,TDN_mgL,NH4_ugL,NO2NO3_ugL,SRP_ugL,TDP_ugL,TP_ugL,DIN_ugNL
New Hope Creek,NC,35.9795,-79.0018,Mid-atlantic,StreamPULSE,NA,NC_NHC,6/3/17,79.331,162.217,239.075,4.694,143.284,80.120092,0.2478,66.4217,4.8415,0,0.6238,0.3422,7.6387,0,14.2,24.75545455,94.224,3.19,0.26,16.91,102,12.3,12.6,14.9,118.9
Eno River,NC,36.0715,-79.0968,Mid-atlantic,StreamPULSE,NA,NC_Eno,6/4/17,148.589,200.722,261.463,3.443,170.741,171.004562,3.1858,113.0499,26.4358,0,2.7183,0.6826,24.7963,0.1126,14.94,48.67272727,79.82,5.16,0.69,25.56,436.5,28.1,19.3,22.9,462
Arikaree River,CO,39.75825,-102.4471,Central Plains,NEON,ARIK,NA,7/11/17,1180.108398,1504.586993,1817.128296,1.27007,76.776771,2632.3,0.0613,0.9291,0.9891,0,2234.5199,389.3081,5.9795,0.0547,1.8,6.208253968,2.912,6.16,0.31,59.46,51.3,18,21.1,109.2,110.8
Lower Knowton Fork Red Butte Creek,UT,40.8045,-111.7654,Great Basin,Other,NA,NA,7/18/17,1928.993,2241.965,2529.644,30.547,184.82,4.013346,0,0.6239,0,0,0,3.3863,0,0,1.44,8.823253968,87.62,0.67,0.1,4.5,54.1,3.1,24,58.4,58.6
1300 E Red Butte Creek,UT,40.7451,-111.8546,Great Basin,Other,NA,NA,7/19/17,1350.298,1941.432,2529.644,25.037,215.438,26.884847,0.048,1.4061,0.0653,0,0,22.1369,3.2061,0.0026,5.3,30.84090909,60.71,2.52,1.08,8.19,919.2,3.1,19.3,33,927.4
South Fork Mink Creek,ID,42.7074,-112.4228,Northern Rockies,Other,NA,NA,7/27/17,1628.869,1948.963,2628.515,12.262,302.154,27.761073,0,15.5278,0.4775,0,0.5289,11.2104,0,0,1.904,12.34737374,39.832,2.08,0.35,18.19,56.1,12.6,42.3,75.3,74.3
Black Earth Creek,WI,43.1097,-89.6408,Prairie Peninsula,StreamPULSE,NA,WI_BEC,8/8/17,264.312,311.303,376.884,6.952,331.801,27.483883,0.5449,12.6705,3.4593,0.0026,5.6365,0.2806,4.8278,0.0724,6.69,69.83850733,17.16,5.08,2.46,7.73,2510,3.1,12.2,46.6,2517.7
Brewery Creek,WI,43.125,-89.635,Prairie Peninsula,StreamPULSE,NA,WI_BRW,8/11/17,274.585,322.908,381.931,6.243,173.821,24.347762,0.1194,6.569,0.297,0,15.5998,0.0471,1.7242,0,3.92,18.5875,81.536,8.09,2.56,40.81,3295,3.1,52.8,132.9,3335.8
New Hope Creek,NC,35.9795,-79.0018,Mid-atlantic,StreamPULSE,NA,NC_NHC,5/27/18,79.331,162.217,239.075,4.694,143.284,80.120092,0.2478,66.4217,4.8415,0,0.6238,0.3422,7.6387,0,57.34285714,25.31468615,90.25714286,,,14.74,134,9.1,,22.3,148.7
Ichetucknee River,FL,29.9526,-82.7863,Southeast,StreamPULSE,NA,FL_ICHE2700,5/31/18,4.358,19.869,37.486,1.434,205.341,109.277649,0.0531,47.9781,11.6255,0,21.3963,11.8982,16.305,0.0098,25.3,108.4,89.96,5,0.64,4.6,790.5,2.9,19.7,24,795.1
Alexander Springs,FL,29.0812,-81.5662,Southeast,Other,NA,NA,6/2/18,2.013,25.197,58.948,1.83,244.752,220.109433,5.6991,175.9071,2.8569,5.8953,3.0516,24.1182,1.1788,1.1788,75,67.2,25.74,11.19,0.43,12.93,28.4,41.1,37.6,39.7,41.3
Pringle Creek,TX,33.37859,-97.78226,Southern Plains,NEON,PRIN,NA,6/9/18,255.291306,296.956076,339.106934,2.050944,93.26847,48.91,0.0839,12.0482,13.1079,0,16.5642,3.0156,4.0808,0.0005,5.3,18.90952381,59.23666667,7.7,0.22,6.7,5.7,6.4,1.2,17.1,12.4
McDiffit Creek,KS,38.94428,-96.44197,Prairie Peninsula,NEON,MCDI,NA,6/12/18,373.157593,425.230794,457.764252,3.353735,138.562271,22.58,0.1019,0.3787,16.7048,0,3.4459,1.9144,0.0564,0,3.36,14.12944444,92.196,16.9,0.92,84.84,98.7,2.9,23.8,57,183.6
Kings Creek,KS,39.10506,-96.60336,Prairie Peninsula,NEON,KING,NA,6/13/18,325.380981,391.516671,444.311218,7.909218,314.257549,13.04,0,0.6989,1.5453,0,0.0302,10.7758,0,0.0007,3.185714286,21.64917027,85.76285714,14.6,0.22,74.68,5.7,8.9,42.3,103.9,80.4
Pilgrim River,MI,47.1013,-88.5176,Great Lakes,StreamPULSE,NA,MI_PILG1,6/21/18,185.709,301.199,457.851,3.636,82.562,58.106225,0.0837,48.7306,3.8375,0.0019,0.1341,0.7252,4.5689,0,8.625,58.75992063,9.056666667,4.81,0.43,5.4,149,12.2,11.5,18.8,154.4
Pilgrim River,MI,47.1013,-88.5176,Great Lakes,StreamPULSE,NA,MI_PILG1,7/17/18,185.709,301.199,457.851,3.636,82.562,58.106225,0.0837,48.7306,3.8375,0.0019,0.1341,0.7252,4.5689,0,8.406666667,57.97466931,17.63666667,4.02,0.33,,115,5.2,,,115
Hubbard Brook,NH,43.9549,-71.7225,Northeast,StreamPULSE,NA,NH_HBF,8/7/18,521.332,634.925,721.779,15.16,198.504,0.375249,0,0.2871,0,0,0,0.0885,0,0,10.66,15.15714286,78,4.1,0.15,1.642,22.1,2.9,1.2,2.7,23.8
Wednesday Hill Brook,NH,43.1222,-71.0049,Northeast,StreamPULSE,NA,NH_WHB,8/9/18,27.032,49.648,67.994,4.257,141.777,0.849116,0,0.6126,0,0,0,0,0.2358,0,1.716666667,5.85952381,92.69,8.6,0.78,1.642,494.7,9.1,19.7,18.8,496.3
Dowst Cate Forest,NH,43.1344,-71.1838,Northeast,StreamPULSE,NA,NH_DCF,8/10/18,101.03,153.394,303.234,6.611,22.641,7.088473,0.0086,6.7969,0.0479,0,0,0.2148,0.0207,0,6.571428571,15.22137188,95.60571429,15,0.66,1.642,5.7,2.9,13.6,18.8,7.4
Hop Brook,MA,42.47179,-72.32963,Northeast,NEON,HOPB,NA,8/15/18,205.15863,301.736341,398.310577,7.041453,123.536668,11.88,0.001,11.5084,0.1454,0,0,0.0831,0.1567,0,5.16,27.06333333,94.484,6.2,0.2,3.59,5.7,2.9,9.5,13.6,9.3
Rio Yahuecas,PR,18.1741,-66.79851,Atlantic Neotropical,NEON,GUIL,NA,2/21/19,551.879517,817.954843,1198.933228,50.865532,317.913751,9.55,0,9.1392,0.0129,0,0.0031,0.0637,0.3464,0,4.58,26.28227273,40.456,2,0.3,6.37,268.8,12.9,25,19.1,275.2
Rio Cupeyes,PR,18.11352,-66.98676,Atlantic Neotropical,NEON,CUPE,NA,2/23/19,148.877304,461.46881,892.922729,26.675539,193.255868,4.26,0.0057,4.2379,0,0,0,0,0.0159,0,3.366666667,8.652910053,82.42,5.9,0.4,1.98,368.5,17.5,4.6,7.4,370.5
Quebrada Prieta,PR,18.324,-65.8151,Atlantic Neotropical,StreamPULSE,NA,PR_QP,3/3/19,375.829,540.792,656.088,16.29,283.56,0.422098,0,0.4238,0,0,0,0,0,0,3.12,11.88531746,87.204,2.4,0.2,12.41,120.6,4.9,4.6,12.4,133
Quebrada Sonadora,PR,18.3213,-65.8171,Atlantic Neotropical,StreamPULSE,NA,PR_QS,3/5/19,378.359,741.912,1031.53,17.553,321.015,2.360431,0,2.364,0,0,0,0,0,0,11.8,25.02051282,81.12,2.7,0.2,3.38,116.8,4.7,4.6,5.7,120.2
Kings Creek,KS,39.10506,-96.60336,Prairie Peninsula,NEON,KING,NA,5/10/19,325.380981,391.516671,444.311218,7.909218,314.257549,13.04,0,0.6989,1.5453,0,0.0302,10.7758,0,0.0007,6.457142857,33.5377551,63.29142857,6.9,0.15,1.33,56.6,10.5,10.8,15.7,57.9
Sycamore Creek,AZ,33.74906,-111.5069,Desert Southwest,NEON,SYCA,NA,5/14/19,645.71582,1275.071289,2171.467773,19.329774,214.436512,280.48,0.0087,10.8949,0,0,0,269.0867,0.2695,0.0105,2.225,8.71468254,3.943333333,7.9,0.24,9.16,97.6,36.6,64,60.8,106.8
Wet Beaver Creek,AZ,34.6793,-111.695,Desert Southwest,StreamPULSE,NA,AZ_WB,5/16/19,1185.57,1981.182,2594.143,7.745,251.705,297.81036,0.0119,112.1283,0.9125,0,0.0174,184.2467,0.001,0.2746,12.925,47.02951389,18.46,4.5,0.12,3.775,37.4,23.9,26.8,24.1,41.2
Arikaree River,CO,39.75825,-102.4471,Central Plains,NEON,ARIK,NA,5/24/19,1180.108398,1504.586993,1817.128296,1.27007,76.776771,2632.3,0.0613,0.9291,0.9891,0,2234.5199,389.3081,5.9795,0.0547,4.03,19.18214286,1.196,14.9,0.39,5.06,12.6,31.5,12.6,14.1,17.7
Pilgrim River,MI,47.1013,-88.5176,Great Lakes,StreamPULSE,NA,MI_PILG1,6/13/19,185.709,301.199,457.851,3.636,82.562,58.106225,0.0837,48.7306,3.8375,0.0019,0.1341,0.7252,4.5689,0,9.08,59.03560606,14.404,8.2,0.23,5.72,40.7,50.5,10.8,19.1,46.5
Caribou Creek,AK,65.15306,-147.50246,Taiga,NEON,CARI,NA,7/9/19,227.580811,488.948214,767.568115,11.514505,142.435296,31.05,0,30.5754,0.0209,0,0,0.4327,0,0,2.866666667,15.30257937,15.42666667,4.7,0.38,9.52,285.2,7.8,4.6,4.1,294.7
Poker Creek,AK,65.1528,-147.4867,Taiga,Other,NA,NA,7/10/19,216.018,530.112,819.855,11.908,188.23,60.315922,0,49.6044,0.2147,0,0,10.455,0,0,3.85,27.79626623,18.33,4.5,0.31,4.06,261.7,5.4,4.6,7.4,265.7
Blacktail Deer Creek,WY,44.95011,-110.58715,Northern Rockies,NEON,BLDE,NA,7/30/19,2023.951904,2401.219359,2942.318115,10.406002,341.06012,37.84,0,14.4039,5.3704,0,0,18.0312,0,0.0093,2.475,18.18125,41.21,3.1,0.08,4.56,41.9,5,37.4,39.1,46.5
McRae Creek,OR,44.2596,-122.16555,Pacific Northwest,NEON,MCRA,NA,8/3/19,876.960266,1247.753849,1628.366211,21.21077,248.222132,3.93,0,3.9301,0,0,0,0,0,0,3.716666667,7.153540904,89.44,1,0.03,1.09,10.7,7.8,4.6,7.4,11.8
Martha Creek,WA,45.79125,-121.93196,Pacific Northwest,NEON,MART,NA,8/6/19,342.610596,612.489476,944.584106,19.523848,77.476281,6.35,0,6.3417,0,0,0,0,0,0,2.925,11.41339286,43.745,1.7,0.15,4.78,43.4,33.2,28.6,22.4,48.2
Blaine Creek,MT,48.1885,-114.1327,Northern Rockies,Other,NA,NA,8/10/19,890.589,915.325,941.0455,1.11,176.528,15.571501,0.2973,1.3281,0.4532,0,10.9102,0.363,2.2295,0,1.896666667,10.63293651,0,14.3,3.61,18.41,3667.3,10.6,4.6,10.7,3685.7
Pilgrim River,MI,47.1013,-88.5176,Great Lakes,StreamPULSE,NA,MI_PILG1,9/9/19,185.709,301.199,457.851,3.636,82.562,58.106225,0.0837,48.7306,3.8375,0.0019,0.1341,0.7252,4.5689,0,10.04,53.81676768,13.104,4.6,0.17,5.97,50,6.5,10.8,9.1,56