date,SiteName,GPP_mean,GPP_se_mean,GPP_sd,GPP_2.5pct,GPP_25pct,GPP_50pct,GPP_75pct,GPP_97.5pct,GPP_n_eff,GPP_Rhat,ER_mean,ER_se_mean,ER_sd,ER_2.5pct,ER_25pct,ER_50pct,ER_75pct,ER_97.5pct,ER_n_eff,ER_Rhat,DO_R2_mean,DO_R2_se_mean,DO_R2_sd,DO_R2_2.5pct,DO_R2_25pct,DO_R2_50pct,DO_R2_75pct,DO_R2_97.5pct,DO_R2_n_eff,DO_R2_Rhat,GPP_daily_mean,GPP_daily_se_mean,GPP_daily_sd,GPP_daily_2.5pct,GPP_daily_25pct,GPP_daily_50pct,GPP_daily_75pct,GPP_daily_97.5pct,GPP_daily_n_eff,GPP_daily_Rhat,ER_daily_mean,ER_daily_se_mean,ER_daily_sd,ER_daily_2.5pct,ER_daily_25pct,ER_daily_50pct,ER_daily_75pct,ER_daily_97.5pct,ER_daily_n_eff,ER_daily_Rhat,K600_daily_mean,K600_daily_se_mean,K600_daily_sd,K600_daily_2.5pct,K600_daily_25pct,K600_daily_50pct,K600_daily_75pct,K600_daily_97.5pct,K600_daily_n_eff,K600_daily_Rhat,valid_day,warnings,errors,notes
2017-06-03,New Hope Creek,1.0834305619757405,0.0033002458613590876,0.16835660390139712,0.7541367169637797,0.9693587372112291,1.0838696931824123,1.195935589324732,1.4198705492088903,2602.3620850379257,1.0021954715908743,-2.7428386077177787,0.009452707239278069,0.43470965930559335,-3.6226055013722123,-3.027503402302781,-2.7327987890912695,-2.4508110364556277,-1.9050405079128188,2114.8821208312083,1.0022524648079822,0.9993627560520942,4.7966041581263336e-5,6.425083187344796e-4,0.9976643254144621,0.999072046890706,0.9995917622748876,0.9998490936270777,0.9999739811437939,179.4278076629984,1.038517263217452,1.0834305619757367,0.0033002458613590807,0.1683566039013965,0.7541367169637767,0.9693587372112258,1.0838696931824086,1.1959355893247277,1.4198705492088857,2602.3620850379175,1.0021954715908743,-2.7428386077177787,0.009452707239278069,0.43470965930559335,-3.622605501372217,-3.0275034023027825,-2.732798789091275,-2.4508110364556264,-1.9050405079128183,2114.8821208312083,1.0022524648079822,4.944492733512926,0.02119394106964161,0.918053560047822,3.2200932723302857,4.308906967085455,4.928719558686026,5.55063472667405,6.79053508875168,1876.3445634894742,1.0029564449246464,TRUE,,,NA
2017-06-04,Eno River,0.8206238732236919,0.005799261921903235,0.30487969474362486,0.23616201591235478,0.6164383993781629,0.8153983538326212,1.022297426180229,1.4374408805698184,2763.831446890922,1.0024987278002722,-5.55752969729794,0.04813982000731781,1.8558487720513794,-9.424738270704058,-6.786471698690579,-5.435286537188416,-4.231201049152003,-2.2804472394237214,1486.1965317581912,1.003966499080677,0.9975274002381302,2.292576377383799e-4,0.0029917861747699626,0.9889400792317122,0.9967745172026339,0.9986236792858041,0.9994636180702912,0.9999423996668649,170.29954028426957,1.049373590014795,0.820623873223689,0.005799261921903216,0.30487969474362375,0.23616201591235397,0.6164383993781607,0.8153983538326186,1.0222974261802253,1.4374408805698138,2763.8314468909202,1.0024987278002722,-5.55752969729794,0.04813982000731781,1.8558487720513794,-9.424738270704049,-6.7864716986905735,-5.435286537188424,-4.231201049151998,-2.280447239423721,1486.1965317581912,1.003966499080677,5.11577262199432,0.04718015718622243,1.8350671053065288,1.878217835177305,3.800697043603459,5.007656294061013,6.335051480088447,8.976983351769459,1512.8126022663773,1.0037843003045446,TRUE,,,NA
2017-07-11,Arikaree River,NA,NA,NA,NA,NA,NA,NA,NA,NA,NA,NA,NA,NA,NA,NA,NA,NA,NA,NA,NA,NA,NA,NA,NA,NA,NA,NA,NA,NA,NA,NA,NA,NA,NA,NA,NA,NA,NA,NA,NA,NA,NA,NA,NA,NA,NA,NA,NA,NA,NA,NA,NA,NA,NA,NA,NA,NA,NA,NA,NA,NA,NA,NA,No dissolved oxygen sensor data
2017-07-18,Lower Knowton Fork Red Butte Creek,-0.03412183896241698,0.0014399547797104676,0.009482148911437194,-0.05331444110480704,-0.04039359394443754,-0.03393486967627346,-0.027647858528457112,-0.016122771839499166,43.36265200638156,1.1579631553290477,-14.828670954401836,0.5949726576942762,2.0033353538582697,-17.98368309610369,-16.228907153191575,-15.132203895926814,-13.61516607133193,-10.435847838024541,11.337395438954609,1.665131211362232,0.9999460742940303,6.146932211289412e-6,6.132591590482513e-5,0.9997751644255626,0.9999268882092632,0.9999668192213322,0.9999875792633408,0.999998303209824,99.53394987349608,1.0967294713935256,-0.034121838962416856,0.0014399547797104572,0.009482148911437161,-0.05331444110480687,-0.040393593944437395,-0.03393486967627335,-0.027647858528457026,-0.016122771839499107,43.362652006381886,1.1579631553290477,-14.828670954401836,0.5949726576942762,2.0033353538582697,-17.983683096103714,-16.22890715319158,-15.132203895926782,-13.615166071331934,-10.435847838024525,11.337395438954609,1.6651312113622319,87.92651605642097,3.5115024644398547,11.820780368186975,61.9875569830364,80.76173525101979,89.69833442657182,96.20302852651955,106.56980240371041,11.331994138532389,1.6649368110087022,TRUE,,,NA
2017-07-19,1300 E Red Butte Creek,0.9463182235150792,0.011304023825185758,0.3302833931064621,0.31178364101599676,0.7215430580548884,0.9476879101026884,1.166428903329235,1.6070091664308936,853.7040599589955,1.007796730093933,-6.269691223301434,0.0732157807127985,2.0541841623809773,-10.38221675357742,-7.641514680655776,-6.243482770650967,-4.850746985707071,-2.3723092463627826,787.171492415075,1.0090751303422292,0.999525686174577,4.670070867947229e-5,5.936819234255433e-4,0.9978409212688106,0.9993678344259194,0.9997520461198836,0.9999162428680124,0.9999868227755901,161.607201295497,1.0410893182853123,0.9463182235150758,0.011304023825185708,0.33028339310646093,0.3117836410159957,0.7215430580548858,0.9476879101026848,1.1664289033292308,1.6070091664308876,853.704059958997,1.007796730093933,-6.269691223301434,0.07321578071279855,2.054184162380978,-10.382216753577438,-7.641514680655785,-6.243482770650973,-4.8507469857070635,-2.3723092463627853,787.1714924150743,1.0090751303422292,11.194718281725944,0.13004705982117182,3.6843808856662776,4.175119531359287,8.65257350203959,11.167446753819627,13.659040935746498,18.586686592082998,802.6532441639641,1.009223544171983,TRUE,,,NA
2017-07-27,South Fork Mink Creek,-0.035477372985696184,0.007040545487698351,0.1056301903938871,-0.20409895994746247,-0.11241905781385071,-0.047633301035694284,0.028680133394815076,0.20117961953814817,225.09378693010046,1.0348001754920628,-1.06504590913599,0.047790523388017245,0.6633170152985217,-2.5965004476048907,-1.4449597845022795,-0.9720922493060932,-0.5795454019038739,-0.06932810278913962,192.6454260801272,1.0406569766700604,0.9999811583641094,3.1229856140805085e-6,2.1432087869736004e-5,0.9999213499314543,0.9999743052174842,0.9999882993190644,0.9999951059774039,0.9999992744788465,47.096539200918315,1.1576861682628035,-0.03547737298569606,0.007040545487698324,0.10563019039388671,-0.20409895994746177,-0.11241905781385028,-0.04763330103569412,0.028680133394814972,0.20117961953814745,225.0937869301005,1.0348001754920628,-1.06504590913599,0.04779052338801725,0.6633170152985217,-2.596500447604892,-1.4449597845022761,-0.9720922493060953,-0.5795454019038749,-0.06932810278913956,192.6454260801271,1.0406569766700604,4.906306355286456,0.18481796090231828,2.553993219237799,1.0779098059012102,3.048895767753112,4.53452593933979,6.3707101920410185,10.766857841089521,190.96383646357958,1.0409503296435159,TRUE,,,NA
2017-08-08,Black Earth Creek,9.256395894793936,0.006515251187960888,0.25930316093878997,8.744802111362295,9.083712498064303,9.254977488556584,9.428001409067623,9.77524179181435,1583.9931298856015,1.004576557677956,-13.585745809383605,0.010835709597511053,0.4185458499696123,-14.431517082000537,-13.85666233659088,-13.576857577486154,-13.31451364169658,-12.75684809133045,1492.0087352143344,1.0046193612216912,0.99999492221753294,4.843893780202457e-7,6.281540397354773e-6,0.9999774926582325,0.9999931149450376,0.9999971405928596,0.9999991054122488,0.9999998631022001,168.16789654225718,1.0454778725001002,9.256395894793902,0.0065152511879608575,0.259303160938789,8.744802111362263,9.08371249806427,9.254977488556552,9.428001409067589,9.775241791814317,1583.993129885605,1.0045765576779562,-13.585745809383605,0.010835709597511048,0.4185458499696123,-14.431517082000504,-13.856662336590892,-13.576857577486166,-13.314513641696575,-12.75684809133047,1492.0087352143357,1.0046193612216912,9.402498667532718,0.007509966015742302,0.31002846107320836,8.791414168273668,9.196643422079491,9.39987934380018,9.60774021618655,10.017732662231024,1704.2259957805384,1.0052143128192033,TRUE,,,NA
2017-08-11,Brewery Creek,2.0295131338593477,0.0034754554137261364,0.10508736099155316,1.8219234089041196,1.9648302088006506,2.0323074493765976,2.0975661382487854,2.2435641372491486,914.2764412577214,1.0122914040947364,-3.6801796555162887,0.009288470591393755,0.24536821560431876,-4.175421858689233,-3.844540802520676,-3.6680016282103236,-3.5291316524331733,-3.2209347966036486,697.8276739481229,1.017271518972581,0.9999862497620146,1.469581030664493e-6,1.7348008217469772e-5,0.9999374516104659,0.9999817057992482,0.999992136236366,0.9999974324562694,0.9999996824816041,139.3516654318965,1.0665297212466989,2.0295131338593406,0.00347545541372613,0.10508736099155278,1.821923408904113,1.964830208800644,2.03230744937659,2.0975661382487782,2.2435641372491406,914.2764412577184,1.0122914040947364,-3.6801796555162887,0.009288470591393762,0.2453682156043188,-4.175421858689228,-3.844540802520677,-3.6680016282103187,-3.529131652433172,-3.2209347966036463,697.827673948122,1.017271518972581,4.364915024218555,0.013003932187066414,0.34497098090477774,3.731019770277924,4.092447148012684,4.351747698225251,4.604520329267251,5.048117305132282,703.7456688460232,1.0168526232234443,TRUE,,,NA
2018-05-27,New Hope Creek,0.6220330664793103,0.001749796440037017,0.18561911639415765,0.26062340826830355,0.49810896811568456,0.6208872584343316,0.7437890655849668,0.9924249002806285,11253.052490768518,1.0000611040418677,-3.0539563333422968,0.010827771966377213,0.7977654717355445,-4.738111610521381,-3.5655887504489145,-3.0186875051927426,-2.489744998332468,-1.5973421588308023,5428.40534347366,1.0004697293943763,0.9906837205749885,2.2961432391033714e-4,0.004050536204720205,0.9831849575473062,0.9878917597761925,0.9904956424306683,0.9932888722181743,0.9992886336332785,311.19103915211565,1.0366870803321002,0.6220330664793081,0.0017497964400370156,0.18561911639415699,0.2606234082683026,0.49810896811568284,0.6208872584343295,0.743789065584964,0.9924249002806247,11253.052490768456,1.0000611040418679,-3.0539563333422968,0.010827771966377209,0.7977654717355445,-4.7381116105213845,-3.5655887504489128,-3.0186875051927444,-2.4897449983324678,-1.5973421588308017,5428.405343473661,1.0004697293943763,4.259501582770104,0.016984633430718977,1.278342637747795,1.948247879918095,3.357336446946674,4.187657018278802,5.089716200169699,6.977625768255479,5664.768844265461,1.0005230067426556,TRUE,,,NA
2018-05-31,Ichetucknee River,9.99278463222644,0.01543137654416401,0.7637476519618923,8.446734579829688,9.49500561893699,10.007618882858988,10.509713054682416,11.434240689684188,2449.5732950202046,1.0009217511307344,-24.68871594561144,0.05473230056030305,2.3812968559048318,-29.22388364236736,-26.294349630835345,-24.74819657987635,-23.12544753485251,-19.779302451124657,1892.952301178252,1.001089561191906,0.9996960694849214,1.6732104378282047e-5,2.551142932602652e-4,0.9990976959221981,0.9995334880039981,0.9997572880551217,0.9999164189202022,0.99998549611783,232.47082275050806,1.035723725027858,9.992784632226403,0.015431376544163959,0.7637476519618895,8.44673457982966,9.495005618936956,10.007618882858953,10.509713054682377,11.434240689684142,2449.573295020203,1.0009217511307344,-24.68871594561144,0.05473230056030307,2.3812968559048318,-29.223883642367383,-26.294349630835388,-24.7481965798764,-23.12544753485251,-19.779302451124657,1892.9523011782503,1.001089561191906,4.4502020775294175,0.011512373251356088,0.5201409831592632,3.380942627178814,4.114868214580737,4.4637581561765876,4.800212020815555,5.4442785728737295,2041.3262718324163,1.0008744642043113,TRUE,,,NA
2018-06-02,Alexander Springs,NA,NA,NA,NA,NA,NA,NA,NA,NA,NA,NA,NA,NA,NA,NA,NA,NA,NA,NA,NA,NA,NA,NA,NA,NA,NA,NA,NA,NA,NA,NA,NA,NA,NA,NA,NA,NA,NA,NA,NA,NA,NA,NA,NA,NA,NA,NA,NA,NA,NA,NA,NA,NA,NA,NA,NA,NA,NA,NA,NA,NA,NA,NA,No data available
2018-06-09,Pringle Creek,1.7311803880901715,0.008380808231667754,0.5430605871088726,0.6555367161383439,1.387114229333484,1.7265424196632089,2.076073998013903,2.8446257166033373,4198.795885697129,1.0010407304481523,-2.258982281819126,0.012224408596061465,0.8145280254743337,-3.9237760740751098,-2.7872435905415984,-2.2568937360724703,-1.7299160155065596,-0.658338812875806,4439.727839369341,1.0010171362620761,0.9872623121065058,7.419458498898039e-4,0.008549666573647969,0.9705878909639778,0.9808033953832385,0.9872363447502053,0.9948019595306165,0.9999018874473775,132.78650382235858,1.0578450295289044,1.7311803880901655,0.008380808231667727,0.5430605871088706,0.6555367161383416,1.3871142293334793,1.7265424196632022,2.0760739980138956,2.8446257166033284,4198.795885697127,1.0010407304481523,-2.2589822818191254,0.012224408596061465,0.8145280254743336,-3.9237760740751058,-2.7872435905415998,-2.256893736072469,-1.729916015506559,-0.6583388128758065,4439.7278393693405,1.0010171362620761,1.7278280176316523,0.005608761137489541,0.571558148600179,0.8595202765142661,1.3159790440918333,1.6504031469368978,2.0448872515966148,3.08242176654674,10384.53254418023,1.0001309255714204,TRUE,,,NA
2018-06-12,McDiffit Creek,0.5366737108817144,7.735616807639598e-4,0.06591241689436694,0.4069838235106837,0.4933832204910753,0.5369702073366225,0.5801052581155919,0.6679282569535563,7260.133001864316,1.000572418079229,-0.8807276454567872,0.0037438577785518425,0.19374983997345085,-1.313874940016858,-0.9951792111054619,-0.8596483068616039,-0.7446310250311544,-0.5621267008108745,2678.2062555485068,1.0025971960180444,0.9986859894691645,6.062382434256944e-5,8.606527646098179e-4,0.9968641369053272,0.9980862650286502,0.9987552649776124,0.9993862514601194,0.9999565003197896,201.54372317908744,1.0274132416516177,0.5366737108817126,7.735616807639555e-4,0.06591241689436671,0.4069838235106823,0.4933832204910737,0.5369702073366207,0.5801052581155897,0.6679282569535541,7260.133001864345,1.000572418079229,-0.8807276454567872,0.0037438577785518412,0.19374983997345088,-1.3138749400168601,-0.9951792111054624,-0.8596483068616052,-0.744631025031154,-0.5621267008108755,2678.2062555485095,1.0025971960180444,0.9725919453921272,0.009637728067243789,0.49895349242237214,0.23422495059055415,0.6063456008541115,0.8995589520484006,1.2536097759967129,2.1514291101087184,2680.2221807957712,1.0029331249682416,TRUE,,,NA
2018-06-13,Kings Creek,0.883038360239184,0.003741021874072128,0.18248325306578728,0.5121335962471014,0.7623242403800421,0.8839012931982849,1.0065730567055298,1.2411534980735457,2379.389460707903,1.00416643125499,-2.3657903720096427,0.016245575148990943,0.794689469230423,-4.259644163837087,-2.822579329485763,-2.238255552130984,-1.7811010328573695,-1.1804733275451993,2392.9010107231256,1.0017415562691059,0.9997123481356929,3.136666497001748e-5,3.802460124385845e-4,0.9986316239114883,0.9996268208930762,0.9998529866570276,0.9999545438987605,0.9999927980006715,146.95780152866126,1.0563092664465772,0.8829164533549685,0.0037405054114347447,0.18245806054210492,0.5120628942098719,0.7622189985501384,0.8837792671828141,1.0064340953754178,1.2409821520000384,2379.389460707888,1.00416643125499,-2.3657903720096427,0.016245575148990932,0.794689469230423,-4.25964416383709,-2.822579329485757,-2.2382555521309877,-1.7811010328573706,-1.180473327545198,2392.9010107231275,1.0017415562691059,0.9560747078130987,0.01208881560553829,0.567650120151857,0.18561860405812428,0.5263141302298113,0.8452135768845632,1.2752408753283586,2.333523083036952,2204.9257117587863,1.0016730844392039,TRUE,,,"Model for 2018-06-12, as 2018-06-13 didn't have full day of data"
2018-06-21,Pilgrim River,0.3920136983700753,0.008527070125223267,0.17264442021135595,0.052565096995064384,0.27821797045116214,0.3895423081872179,0.5050982514185923,0.739394743452322,409.92596178242195,1.014504537592893,-6.103730896380959,0.05767445189746532,1.1374943700547653,-8.398078424639118,-6.851613517973058,-6.085316384200805,-5.345376856207167,-3.817494219032066,388.9838404054559,1.0148463322224361,0.9996258942778186,3.473579033912582e-5,2.495944878375996e-4,0.9991281926935635,0.9994497257913497,0.9996209533423002,0.9998234859583868,0.9999976221751241,51.63160319236739,1.1577789857068466,0.39201369837007394,0.008527070125223232,0.17264442021135532,0.052565096995064196,0.27821797045116115,0.38954230818721636,0.5050982514185908,0.7393947434523193,409.9259617824223,1.014504537592893,-6.103730896380959,0.05767445189746527,1.1374943700547653,-8.39807842463911,-6.851613517973055,-6.085316384200806,-5.345376856207164,-3.8174942190320635,388.98384040545665,1.0148463322224361,18.110713190678137,0.15485388253755417,3.062574231747455,11.950925779321889,16.07754821716276,18.06669551440676,20.128852732813314,24.26613935656491,391.13713562698916,1.014710445744258,TRUE,,,NA
2018-07-17,Pilgrim River,4.447932998088333,0.009609990188729392,0.3991463671629169,3.6688017578930414,4.186105744941623,4.447935095412433,4.711640156711787,5.243076532903025,1725.1166755164331,1.0089321015643462,-9.867802752625304,0.02096008177861659,0.843462858945539,-11.552654100072068,-10.425787114731035,-9.86062854752267,-9.311090971876927,-8.224212077342179,1619.3695983814716,1.009031567381071,0.9997057044595703,1.3558527723370797e-5,2.262294638828148e-4,0.9991781743667194,0.9995663087924952,0.9997511601915965,0.9998915274226671,0.9999873490533296,278.40258646862685,1.019593854908774,4.447932998088317,0.009609990188729071,0.39914636716291546,3.668801757893029,4.186105744941607,4.447935095412419,4.711640156711769,5.2430765329030065,1725.116675516536,1.0089321015643464,-9.867802752625304,0.020960081778616583,0.843462858945539,-11.55265410007206,-10.425787114731039,-9.860628547522685,-9.311090971876924,-8.224212077342166,1619.3695983814723,1.009031567381071,15.12385521478192,0.02826293769888155,1.2116091631988686,12.733936365367294,14.323995272033214,15.113111210515173,15.913734842038371,17.569328644857947,1837.767199550484,1.0085956188793221,TRUE,,,NA
2018-08-07,Hubbard Brook,NA,NA,NA,NA,NA,NA,NA,NA,NA,NA,NA,NA,NA,NA,NA,NA,NA,NA,NA,NA,NA,NA,NA,NA,NA,NA,NA,NA,NA,NA,NA,NA,NA,NA,NA,NA,NA,NA,NA,NA,NA,NA,NA,NA,NA,NA,NA,NA,NA,NA,NA,NA,NA,NA,NA,NA,NA,NA,NA,NA,NA,NA,NA,No data available
2018-08-09,Wednesday Hill Brook,-0.006598583258891386,0.0010132981505209108,0.017155272873079976,-0.038768772482635945,-0.018664705907642572,-0.006563564880327858,0.004455293876402634,0.02884989643593558,286.6294173022755,1.0216690930865058,-0.9628364433316187,0.019207178150382833,0.2948463031714082,-1.5765907228306362,-1.147894422358848,-0.9631924505392941,-0.7557831081750004,-0.4176514643620791,235.64826398301784,1.0304099559700721,0.9998434713691243,2.100756762693563e-5,1.9502955283040766e-4,0.9992914381257489,0.9997909620436578,0.9999107538244537,0.9999740133863229,0.999998349107385,86.18849741661865,1.094936418220274,-0.006598583258891363,0.001013298150520908,0.017155272873079917,-0.03876877248263581,-0.018664705907642513,-0.006563564880327836,0.00445529387640262,0.028849896435935482,286.6294173022751,1.0216690930865058,-0.9628364433316187,0.019207178150382833,0.2948463031714082,-1.576590722830635,-1.1478944223588474,-0.9631924505392941,-0.7557831081750008,-0.41765146436207823,235.64826398301784,1.0304099559700721,16.134627812268736,0.30045285298985214,4.610570485640301,7.59697643637828,12.917775336828797,16.138797232992516,19.031718456922242,25.72421831937265,235.48143143709748,1.03067334570498,TRUE,,,NA
2018-08-10,Dowst Cate Forest,-0.15907127963196405,9.857219064610134e-4,0.013622068388380433,-0.18529926949498163,-0.16837011961083836,-0.15880039239496194,-0.14972053373510055,-0.13238506224634622,190.97534177625346,1.0554454401969784,-0.14075274918075026,0.013751589121731711,0.09803331473437585,-0.34891083345865176,-0.20453464001311214,-0.14162482308490942,-0.0770828654026108,0.05789261301634107,50.82081193738838,1.1669298742438168,0.9999615371977266,5.07052514009154e-6,4.676525836452977e-5,0.99982981989511,0.9999522903793311,0.9999775453569953,0.9999893062423237,0.9999953861940422,85.0630196041973,1.0969383455263704,-0.15907127963196346,9.857219064610065e-4,0.013622068388380384,-0.1852992694949809,-0.16837011961083775,-0.1588003923949613,-0.14972053373510003,-0.13238506224634575,190.97534177625477,1.0554454401969788,-0.14075274918075026,0.013751589121731713,0.09803331473437585,-0.34891083345865226,-0.20453464001311192,-0.14162482308490917,-0.0770828654026109,0.05789261301634114,50.82081193738837,1.1669298742438168,2.0374953696725124,0.07019812155953666,0.5150412596059172,0.9843290997064229,1.711115189060957,2.0432514715508705,2.3512866949548172,3.1097035156169035,53.83107603426321,1.1571975467868423,TRUE,,,NA
2018-08-15,Hop Brook,-0.2215457403005296,0.0013483212379423464,0.02868858071763458,-0.27267649738036526,-0.24161263020808904,-0.2233406752562546,-0.20336330837768313,-0.15896129259010455,452.72176705116806,1.0226203418696418,0.06040138460813538,0.006002806064281321,0.10977726788594301,-0.2159296531247342,0.005687529224312356,0.08313137000000079,0.13875230168395628,0.20963839896366007,334.4384567067443,1.0267884118422461,0.9999038272889974,5.984028195502047e-6,9.14574003362129e-5,0.9996668444408542,0.9998610549415428,0.999934809191495,0.9999721721729928,0.9999941317973596,233.58795394205077,1.0224544831503193,-0.22154574030052882,0.0013483212379423412,0.028688580717634478,-0.2726764973803643,-0.2416126302080882,-0.2233406752562539,-0.20336330837768246,-0.15896129259010397,452.7217670511684,1.0226203418696418,0.06040138460813538,0.00600280606428132,0.10977726788594301,-0.2159296531247341,0.005687529224312354,0.08313137000000081,0.13875230168395622,0.20963839896366018,334.4384567067444,1.0267884118422461,1.8523155803669518,0.06725735423981964,1.2666174446483682,0.29402730323673526,0.9198643457709513,1.545796433003109,2.4786134428782747,5.125359110994757,354.6593158914111,1.0240056631280647,TRUE,,,NA
2019-02-21,Rio Guillarte,3.513514055367935,0.013520178813096261,0.4039839719076714,2.7219435363519646,3.2355535851578945,3.516101117333026,3.7865718135964115,4.312741206618274,892.8189481252209,1.0122618072285279,-1.6154690536660081,0.006799547458798195,0.22425663319903777,-2.0638800396157673,-1.7642127982460665,-1.613636182419248,-1.4653507451757202,-1.1825544807622175,1087.753718791201,1.0117979825031658,0.9996971234937923,2.895481823719344e-5,3.3859463481897566e-4,0.9987849354976438,0.9995522028731832,0.9998173499285797,0.9999515567563639,0.9999945975706556,136.74720499507646,1.0696033776016285,3.5135140553679225,0.01352017881309629,0.40398397190767,2.7219435363519553,3.2355535851578834,3.5161011173330134,3.786571813596398,4.312741206618258,892.8189481252109,1.0122618072285277,-1.6154690536660081,0.006799547458798196,0.2242566331990378,-2.0638800396157677,-1.7642127982460645,-1.6136361824192496,-1.4653507451757217,-1.182554480762217,1087.753718791201,1.0117979825031658,27.408989134116172,0.10489732919989787,3.1314278220925407,21.31815311093712,25.276135424503487,27.417386277141656,29.497223722455363,33.66318098722067,891.1605447511971,1.0116718047961824,TRUE,,,NA
2019-02-23,Rio Cupeyes,-0.006193242131950542,2.9792265885771226e-4,0.010406050894227754,-0.02415567804212919,-0.013086485050946828,-0.0072840702731302494,-3.4692096656490577e-4,0.017612380677726174,1220.0140179845766,1.0066605424228263,-0.07151804506644378,0.0020916579959478054,0.06143290492684238,-0.23521376507466363,-0.09644137186293317,-0.05689190081218998,-0.029300861682347985,0.005212937424409598,862.6224440749834,1.0106230102677791,0.9991274396863123,7.083908498092151e-5,0.0010708981791318706,0.9961938644591471,0.9988113397656524,0.9995115396006176,0.9998511356234335,0.999982795810437,228.5338176651851,1.0645186100180206,-0.006193242131950521,2.979226588577111e-4,0.010406050894227718,-0.02415567804212911,-0.01308648505094678,-0.007284070273130226,-3.469209665649047e-4,0.017612380677726112,1220.0140179845775,1.0066605424228263,-0.07151804506644378,0.0020916579959478054,0.06143290492684238,-0.23521376507466357,-0.09644137186293315,-0.05689190081218998,-0.029300861682347995,0.005212937424409609,862.6224440749834,1.0106230102677791,2.948210714202454,0.06622692381407577,1.9479307094839649,0.6622302477005483,1.5861955408340032,2.466562552175252,3.7481710241678012,8.17511300632401,865.1229695667558,1.010738068411292,TRUE,,,NA
2019-03-03,Quebrada Prieta,-0.016140070687941106,2.696207700865936e-4,0.012996426355773662,-0.04283095521135923,-0.024585827867759303,-0.015224784241049253,-0.007859105406404198,0.008864551377952523,2323.492156943507,1.0056990048753927,-0.059901652656289425,5.584326629981676e-4,0.022336408251348343,-0.10571656313128187,-0.0743532678317464,-0.05883360104772202,-0.04564507461498322,-0.017018664695785703,1599.871318341283,1.006623702653131,0.9975857367717239,2.890745812222252e-4,0.0022236065024316865,0.9922062859375487,0.9962405415929412,0.9981844727143823,0.9994460007976624,0.999980382670219,59.16924945461787,1.0919896099625932,-0.01614007068794105,2.696207700865923e-4,0.012996426355773616,-0.04283095521135908,-0.024585827867759216,-0.015224784241049198,-0.007859105406404169,0.008864551377952494,2323.492156943512,1.0056990048753927,-0.059901652656289425,5.584326629981676e-4,0.022336408251348343,-0.10571656313128193,-0.0743532678317463,-0.05883360104772195,-0.04564507461498321,-0.017018664695785723,1599.8713183412833,1.006623702653131,4.292276541068156,0.050700981740334446,1.2814862606166728,1.9867116755466219,3.296707488493201,4.225002556015181,5.1272600166093385,6.9794090570757295,638.8445158469829,1.0145843824949914,TRUE,,,NA
2019-03-05,Quebrada Sonadora,-0.03883195183113985,7.4354428111319e-4,0.016134395428142934,-0.07022862326472354,-0.04966323627412805,-0.0390363725669757,-0.02789558282221809,-0.0072462533239765125,470.8599128504016,1.0249287243175893,-0.696138711098135,0.00734508259505118,0.15749429853595356,-1.019238076543404,-0.7989959619971687,-0.6972730066105657,-0.5882012278984127,-0.3932465534439059,459.76542161819737,1.014223345128578,0.9994391028116643,4.156552620863888e-5,6.175673545549292e-4,0.9977092916090065,0.9992515022895626,0.9996709812245438,0.9998510577424621,0.9999606906985452,220.75070296344006,1.0579946213453204,-0.038831951831139716,7.435442811131872e-4,0.016134395428142875,-0.07022862326472327,-0.04966323627412788,-0.039036372566975563,-0.027895582822217997,-0.0072462533239764865,470.85991285040166,1.0249287243175893,-0.696138711098135,0.007345082595051182,0.15749429853595356,-1.0192380765434053,-0.7989959619971695,-0.6972730066105665,-0.5882012278984133,-0.39324655344390547,459.76542161819725,1.014223345128578,15.474223050736024,0.14929453269003232,3.2184819698662577,9.352779262609948,13.247656530576183,15.494439066479192,17.589527953815463,22.11542807740293,464.7446013988867,1.0135753416329196,TRUE,,,NA
2019-05-10,Kings Creek,NA,NA,NA,NA,NA,NA,NA,NA,NA,NA,NA,NA,NA,NA,NA,NA,NA,NA,NA,NA,NA,NA,NA,NA,NA,NA,NA,NA,NA,NA,NA,NA,NA,NA,NA,NA,NA,NA,NA,NA,NA,NA,NA,NA,NA,NA,NA,NA,NA,NA,NA,NA,NA,NA,NA,NA,NA,NA,NA,NA,NA,NA,NA,"No dissolved oxygen, water temperature, or discharge data"
2019-05-14,Sycamore Creek,NA,NA,NA,NA,NA,NA,NA,NA,NA,NA,NA,NA,NA,NA,NA,NA,NA,NA,NA,NA,NA,NA,NA,NA,NA,NA,NA,NA,NA,NA,NA,NA,NA,NA,NA,NA,NA,NA,NA,NA,NA,NA,NA,NA,NA,NA,NA,NA,NA,NA,NA,NA,NA,NA,NA,NA,NA,NA,NA,NA,NA,NA,NA,Dissolved oxygen sensors were out of water
2019-05-16,Wet Beaver Creek,1.9902050220221945,0.012370499272469906,0.3130077475272604,1.4141057107809103,1.7736104830297756,1.980729075598206,2.1855342390041175,2.642465675320136,640.229554620822,1.0101306488363768,-5.474548010433063,0.03253882538766301,0.8173581352833759,-7.1818510153259485,-5.99166752984585,-5.452126434326535,-4.910136581841482,-3.974309127696124,630.9879075957176,1.0102106831740068,0.9998903419147726,1.0312425114891962e-5,1.4546231306552908e-4,0.9994750022363229,0.999854492227722,0.9999452911241522,0.9999839332251588,0.9999982152611501,198.96622616598256,1.0194805394398319,1.9902050220221876,0.012370499272469873,0.3130077475272593,1.4141057107809047,1.7736104830297696,1.980729075598199,2.1855342390041095,2.642465675320126,640.229554620821,1.0101306488363768,-5.474548010433063,0.03253882538766304,0.8173581352833758,-7.181851015325955,-5.991667529845853,-5.4521264343265265,-4.910136581841491,-3.9743091276961273,630.9879075957165,1.0102106831740068,33.853528773744436,0.19438101635016924,4.884174052007949,24.882311544263793,30.506642082911846,33.71564430973365,36.95161357874453,44.01616003330756,631.3563704789127,1.010257087160461,TRUE,,,NA
2019-05-24,Arikaree River,1.5699782736470884,0.0035163764694006215,0.09075786638041329,1.3973167154782606,1.5103755387479836,1.565905658947531,1.6287055631547849,1.755699691140899,666.1588848530665,1.011504800877443,-2.973902312254496,0.006339929452332388,0.16256827085073244,-3.3080636971372215,-3.079656926088945,-2.966935276016479,-2.8668612406250906,-2.662463088266689,657.5105448486195,1.0118905646481466,0.9999921457329355,6.314451678666092e-7,9.36570959835481e-6,0.9999658900366348,0.9999894509814267,0.9999953849282774,0.9999984405794363,0.9999996671117903,219.9936203225189,1.0557929919904518,1.5699782736470829,0.003516376469400609,0.09075786638041297,1.3973167154782553,1.510375538747979,1.565905658947525,1.628705563154779,1.7556996911408929,666.1588848530665,1.0115048008774425,-2.973902312254496,0.006339929452332388,0.16256827085073244,-3.308063697137221,-3.0796569260889473,-2.9669352760164807,-2.866861240625097,-2.6624630882666906,657.5105448486195,1.0118905646481466,11.027227504403838,0.023186648155981104,0.62591026415379,9.81356464255188,10.604158851773363,11.002653388772934,11.448897594463304,12.278928486106759,728.6990497832081,1.0103514557740658,TRUE,,,NA
2019-06-13,Pilgrim River,11.835114972206357,0.0557144724142025,1.3469270683778172,9.247626944914924,10.940729314966726,11.798580419202956,12.737699416582716,14.530277832813539,584.4563975269565,1.0150341495564852,-22.73684461831563,0.10175951971008457,2.472054358097329,-27.692353379315623,-24.38855130374865,-22.665775723309153,-21.096254303200535,-17.868776813860144,590.1547886963767,1.0159390285096763,0.9999204901280714,1.198054594596406e-5,1.0844025574370348e-4,0.9996199078196818,0.9998911449745004,0.9999634009316141,0.9999920566987515,0.9999994808604191,81.92715017046463,1.1005454567085688,11.835114972206316,0.05571447241420022,1.3469270683778123,9.247626944914888,10.940729314966688,11.79858041920291,12.737699416582672,14.530277832813496,584.456397527,1.015034149556485,-22.73684461831563,0.10175951971008454,2.472054358097329,-27.69235337931566,-24.38855130374863,-22.66577572330918,-21.09625430320054,-17.86877681386012,590.1547886963772,1.0159390285096763,20.769590808416428,0.08880298935994692,2.17607027833247,16.509385669604356,19.27894554141048,20.722750731804172,22.221518898886913,25.149677742377836,600.4690994580275,1.0159906689231732,TRUE,,,NA
2019-07-09,Caribou Creek,-0.5804794766458464,7.57086426581999e-4,0.013922662418436123,-0.6075186875386756,-0.5900006543805608,-0.5807929433508776,-0.5712615236999137,-0.5528194494882144,338.18447446122786,1.0136651906541134,0.29183109513229194,0.0023391657278310045,0.03233152432924917,0.2258083472611799,0.27080542991792816,0.2924047222763692,0.3135273394316798,0.35273337439536256,191.0426689838828,1.032278701235256,0.9999953805657585,3.206737739235136e-7,4.183790644594732e-6,0.999983555732861,0.9999938991506081,0.9999967850311402,0.9999982742255737,0.9999994656466334,170.22094730113486,1.043304989652137,-0.5804794766458443,7.570864265819953e-4,0.013922662418436075,-0.6075186875386733,-0.5900006543805587,-0.5807929433508757,-0.5712615236999117,-0.5528194494882125,338.1844744612287,1.0136651906541128,0.29183109513229194,0.0023391657278310054,0.03233152432924918,0.2258083472611799,0.27080542991792833,0.29240472227636893,0.3135273394316802,0.35273337439536195,191.04266898388278,1.032278701235256,1.162387858323719,0.008880978088593365,0.12700022778878892,0.9289465479556855,1.0723965318431228,1.1562284025665739,1.2468499046798027,1.4259353889303572,204.49721729649127,1.0350545626424763,TRUE,,,NA
2019-07-10,Poker Creek,0.8747011751645616,0.0071614856681881936,0.15701076517935406,0.5757962767440737,0.76937920892553735,0.874314333506208,0.9811647959914856,1.1802888045569253,480.67618533106554,1.0116790643717282,-0.3628718569468341,0.005240360378802253,0.11881410405704845,-0.5978081265813132,-0.4424938227452571,-0.3649227482139831,-0.28033628791942933,-0.14002641952902023,514.059851202247,1.0108448476964749,0.9999569975321895,3.6997633330443278e-6,4.8264420267384665e-5,0.9998211739010291,0.9999417481063249,0.9999740597334177,0.9999903062953004,0.9999976947189382,170.17913038439872,1.0474664296190643,0.8747011751645586,0.007161485668188171,0.15701076517935353,0.5757962767440719,0.7693792089255351,0.8743143335062051,0.9811647959914825,1.180288804556921,480.6761853310654,1.0116790643717284,-0.3628718569468341,0.005240360378802253,0.11881410405704845,-0.597808126581314,-0.4424938227452575,-0.3649227482139832,-0.280336287919429,-0.1400264195290203,514.059851202247,1.0108448476964749,14.450735706858296,0.06548279943064891,1.4734386734906155,11.642313682473546,13.4800961878729,14.44018839908648,15.442886929050319,17.346694146474796,506.3020132165241,1.0109568391675576,TRUE,,,NA
2019-07-30,Blacktail Deer Creek,-0.27591808285222086,0.01952757702957441,0.12930902075413753,-0.453676385711148,-0.36990466043961845,-0.29978076178149016,-0.20560982943758077,0.15272925934671136,43.84912448639807,1.1468412088701923,2.5047003607446747,0.20004310259269223,1.363463663228077,0.7959135533776965,1.4549882906180576,2.204088855460711,3.283589187031856,6.589147653831334,46.455803210264875,1.1420950762492608,0.9999592420190879,5.813828095373729e-6,5.782867118523534e-5,0.9997966208426894,0.9999497764576454,0.999981855476626,0.9999947426065688,0.9999995751404396,98.9377554167035,1.065874979522059,-0.27591808285221986,0.019527577029574344,0.12930902075413708,-0.4536763857111465,-0.36990466043961723,-0.2997807617814891,-0.20560982943758002,0.15272925934671086,43.84912448639807,1.1468412088701923,2.5047003607446747,0.20004310259269223,1.363463663228077,0.7959135533776945,1.4549882906180585,2.2040888554607125,3.283589187031862,6.5891476538313345,46.45580321026487,1.1420950762492608,6.0054769064895925,0.588027201499452,3.9807228135743347,1.0317048265443347,2.962757281607262,5.109143404402355,8.267944601983235,18.107334055669504,45.827803521318316,1.143783111435744,TRUE,,,NA
2019-08-03,McRae Creek,NA,NA,NA,NA,NA,NA,NA,NA,NA,NA,NA,NA,NA,NA,NA,NA,NA,NA,NA,NA,NA,NA,NA,NA,NA,NA,NA,NA,NA,NA,NA,NA,NA,NA,NA,NA,NA,NA,NA,NA,NA,NA,NA,NA,NA,NA,NA,NA,NA,NA,NA,NA,NA,NA,NA,NA,NA,NA,NA,NA,NA,NA,NA,"No dissolved oxygen, water temperature, or discharge data"
2019-08-06,Martha Creek,0.44728242747277847,0.013806103778319529,0.08377781121369168,0.29387317320607625,0.39085589413344907,0.4421950772998306,0.5021751628667454,0.6178601633432884,36.82271039924045,1.1114064032286888,-9.990370355370752,0.2980664367241125,1.704413681355945,-13.459194492271665,-11.110392379559272,-9.885264841547526,-8.767110654574333,-6.8940232405522766,32.69820194429874,1.1159852343115968,0.9989558851890995,6.708714772023931e-5,7.136729014188153e-4,0.9973546377647913,0.9984919319134051,0.9990693287688499,0.9995147604840784,0.9999661713483018,113.16698817418843,1.0574066749558295,0.4472824274727769,0.01380610377831948,0.08377781121369139,0.2938731732060752,0.3908558941334479,0.4421950772998291,0.5021751628667437,0.6178601633432862,36.82271039924045,1.1114064032286886,-9.990370355370752,0.2980664367241125,1.704413681355945,-13.45919449227169,-11.11039237955927,-9.885264841547507,-8.767110654574319,-6.89402324055227,32.69820194429874,1.1159852343115968,44.71062960204216,1.3327551855801836,7.602377735709108,30.902882689962155,39.27796487325518,44.237395988322135,49.71226489896997,60.18469560968546,32.538544832513494,1.1159495406761564,TRUE,,,NA
2019-08-10,Blaine Creek,13.977006740827646,0.020732087037075728,0.794651714520068,12.437685433596423,13.443597235509014,13.984248307863146,14.501772437431992,15.534977061570691,1469.1549498127772,1.0035743699262143,-14.076644180129236,0.02239812181119705,0.8575957828630695,-15.767806353782708,-14.64357538945281,-14.08407478775262,-13.495838057290749,-12.401747105284953,1466.0273384559994,1.0034971397342076,0.9999718465777555,2.2594659875142164e-6,3.11163141798127e-5,0.9998852287524892,0.9999616746390279,0.9999820626182094,0.9999933533429388,0.9999995373416755,189.65516713135455,1.0377806224191395,13.977006740827594,0.020732087037075637,0.7946517145200651,12.437685433596378,13.44359723550897,13.984248307863094,14.501772437431939,15.534977061570634,1469.1549498127793,1.0035743699262145,-14.076644180129236,0.022398121811197044,0.8575957828630694,-15.767806353782674,-14.643575389452813,-14.084074787752641,-13.495838057290726,-12.401747105284967,1466.027338456,1.0034971397342076,14.649619361529885,0.022156342577394454,0.8628674105913328,12.965044025600747,14.077235102168412,14.655796891495296,15.217257080484622,16.378099115302447,1516.6731208409485,1.0033983096219425,TRUE,,,NA
2019-09-09,Pilgrim River,NA,NA,NA,NA,NA,NA,NA,NA,NA,NA,NA,NA,NA,NA,NA,NA,NA,NA,NA,NA,NA,NA,NA,NA,NA,NA,NA,NA,NA,NA,NA,NA,NA,NA,NA,NA,NA,NA,NA,NA,NA,NA,NA,NA,NA,NA,NA,NA,NA,NA,NA,NA,NA,NA,NA,NA,NA,NA,NA,NA,NA,NA,NA,"No dissolved oxygen, water temperature, or discharge data"
