site,date,Year,DO.obs,DO.sat,depth,temp.water,discharge,PARmax,PARsum,temp.watermax
Pilgrim1,2019-05-31,2019,8.813730769,10.61393726,0.30914586,12.70882051,0.385950026,222.4053001,670.6294804,14.916
Pilgrim1,2019-06-01,2019,10.12832813,10.67442033,0.30914586,12.49552604,0.38595,993.958964,37580.58401,15.534
Pilgrim1,2019-06-02,2019,10.14900521,10.75489036,0.30914586,12.17594792,0.38595,995.1583098,37680.67324,15.7005
Pilgrim1,2019-06-03,2019,10.27650521,11.02196025,0.30914586,11.06175521,0.38595,996.297522,37776.1286,13.47
Pilgrim1,2019-06-04,2019,9.899494792,10.6838855,0.30914586,12.45532813,0.38595,997.3770737,37866.95161,15.5255
Pilgrim1,2019-06-05,2019,9.68225,10.59632574,0.30914586,12.78898438,0.38595,998.3974252,37953.14409,15.058
Pilgrim1,2019-06-06,2019,9.528338542,10.17893868,0.30914586,14.67798958,0.38595,999.3590231,38034.70808,18.288
Pilgrim1,2019-06-07,2019,9.329125,9.960377946,0.30914586,15.66438542,0.38595,1000.262299,38111.64583,19.132
Pilgrim1,2019-06-08,2019,8.835260417,9.624109216,0.30914586,17.32276563,0.38595,1001.107667,38183.95972,21.127
Pilgrim1,2019-06-09,2019,8.842458333,9.870295114,0.30914586,16.02686979,0.38595,1001.895528,38251.65225,17.934
Pilgrim1,2019-06-10,2019,9.032213542,9.994447283,0.30914586,15.48490625,0.38595,1002.626262,38314.72598,19.01
Pilgrim1,2019-06-11,2019,9.004614583,10.05673236,0.30914586,15.20136979,0.38595,1003.300231,38373.18352,18.5485
Pilgrim1,2019-06-12,2019,9.197489583,10.32913811,0.30914586,13.91922396,0.38595,1003.933639,38427.02746,15.726
Pilgrim1,2019-06-13,2019,9.326619792,10.33599417,0.30914586,13.94123958,0.38595,1004.534187,38476.26038,17.099
Pilgrim1,2019-06-14,2019,9.189375,10.57567164,0.30914586,12.84132813,0.38595,1005.079431,38520.88476,13.688
Pilgrim1,2019-06-15,2019,9.4115625,10.35199677,0.30914586,13.87935938,0.38595,1005.569589,38560.90302,17.445
Pilgrim1,2019-06-16,2019,9.666270833,10.39130837,0.30914586,13.69132813,0.38595,1006.004855,38596.31745,16.9165
Pilgrim1,2019-06-17,2019,9.825546875,10.52819825,0.30914586,13.07421354,0.38595,1006.385404,38627.13019,15.105
Pilgrim1,2019-06-18,2019,9.633541667,10.32544077,0.30914586,13.96197396,0.38595,1006.711384,38653.34324,16.5265
Pilgrim1,2019-06-19,2019,9.411505208,10.11222972,0.30914586,14.98167188,0.38595,1006.982922,38674.95839,18.842
Pilgrim1,2019-06-20,2019,9.27775,10.18643983,0.30914586,14.58947396,0.38595,1007.200119,38692.8596,17.475
Pilgrim1,2019-06-21,2019,9.533744792,10.10504445,0.30914586,15.00040625,0.38595,1007.363055,38706.135,18.825
Pilgrim1,2019-06-22,2019,9.416833333,10.05926307,0.30914586,15.21996875,0.38595,1007.471783,38714.70975,19.245
Pilgrim1,2019-06-23,2019,9.195583333,10.41121931,0.30914586,13.54994271,0.38595,1007.526332,38718.58385,14.7095
Pilgrim1,2019-06-24,2019,9.092260417,10.48505818,0.30914586,13.22523438,0.38595,1007.526708,38717.7571,14.135
Pilgrim1,2019-06-25,2019,8.715546875,9.775513172,0.30914586,16.57679688,0.38595,1007.472889,38712.2291,20.4
Pilgrim1,2019-06-26,2019,8.385020833,9.415505511,0.30914586,18.35161458,0.38595,1007.364831,38701.99922,21.978
Pilgrim1,2019-06-27,2019,8.368130208,9.500541597,0.30914586,17.86277083,0.38595,1007.202465,38687.06664,20.174
Pilgrim1,2019-06-28,2019,8.201286458,9.305566958,0.30914586,18.93156771,0.38595,1006.985696,38667.43033,22.797
Pilgrim1,2019-06-29,2019,8.20325,9.309033276,0.30914586,18.92110417,0.38595,1006.714406,38643.08906,22.872
Pilgrim1,2019-06-30,2019,8.564484375,9.766579253,0.30914586,16.51608333,0.38595,1006.388451,38614.04143,18.103
Pilgrim1,2019-07-01,2019,8.4599375,9.703509424,0.30914586,16.83503646,0.38595,1006.007664,38580.28585,19.002
Pilgrim1,2019-07-02,2019,8.315619792,9.431498395,0.30914586,18.29971354,0.38595,1005.571854,38541.82058,22.4545
Pilgrim1,2019-07-03,2019,8.021234375,9.29182614,0.30914586,18.99922396,0.38595,1005.080807,38498.64373,22.342
Pilgrim1,2019-07-04,2019,7.969932292,9.288507748,0.30914586,18.99546354,0.38595,1004.534284,38450.7533,22.196
Pilgrim1,2019-07-05,2019,8.037833333,9.131290145,0.30914586,19.84592708,0.38595,1003.932026,38398.14719,23.006
Pilgrim1,2019-07-06,2019,8.378088542,9.346494463,0.30914586,18.68432292,0.38595,1003.273749,38340.82323,21.6405
Pilgrim1,2019-07-07,2019,8.965963542,9.840898361,0.30914586,16.19073438,0.38595,1002.559151,38278.77919,18.876
Pilgrim1,2019-07-08,2019,8.979385417,9.683428881,0.30914586,17.00280208,0.38595,1001.787905,38212.83184,20.5125
Pilgrim1,2019-07-09,2019,8.54940625,9.359936311,0.30914586,18.64160417,0.38595,1000.959667,38142.5308,21.8155
Pilgrim1,2019-07-10,2019,8.348979167,9.257324949,0.30914586,19.14969792,0.38595,1000.074071,38067.62162,22.037
Pilgrim1,2019-07-11,2019,8.904833333,9.472735368,0.30914586,18.03058854,0.38595,999.1307342,37988.10249,21.235
Pilgrim1,2019-07-12,2019,8.62375,9.459382365,0.30914586,18.12805208,0.38595,998.1292535,37903.97168,21.452
Pilgrim1,2019-07-13,2019,8.670776042,9.313591514,0.30914586,18.86948438,0.38595,997.0692103,37815.22758,22.354
Pilgrim1,2019-07-14,2019,8.965807292,9.398182954,0.30914586,18.43551042,0.38595,995.9501691,37723.53742,21.465
Pilgrim1,2019-07-15,2019,8.639635417,9.092833776,0.30914586,20.08227083,0.38595,994.7716794,37628.06328,24.157
Pilgrim1,2019-07-16,2019,7.931921875,9.111688088,0.30914586,19.93355208,0.38595,993.5332761,37528.04936,22.0785
Pilgrim1,2019-07-17,2019,8.191833333,9.297077112,0.30914586,18.91810417,0.38595,992.234481,37423.49359,21.068
Pilgrim1,2019-07-18,2019,8.163114583,9.506018815,0.30914586,17.807625,0.38595,990.8748041,37314.39423,18.985
Pilgrim1,2019-07-19,2019,8.31503125,9.375599889,0.30914586,18.49244792,0.38595,989.4537441,37200.74992,20.103
Pilgrim1,2019-07-20,2019,8.45434375,9.501965584,0.30914586,17.82948958,0.38595,987.9707902,37082.55973,18.96
Pilgrim1,2019-07-21,2019,8.759703125,9.620686534,0.30914586,17.24868229,0.38595,986.4254232,36959.82323,19.588
Pilgrim1,2019-07-22,2019,8.9473125,9.580352177,0.30914586,17.48573438,0.38595,984.8171166,36832.54052,20.55
Pilgrim1,2019-07-23,2019,8.813026042,9.425096377,0.30914586,18.2836875,0.38595,983.1453385,36700.71233,21.486
Pilgrim1,2019-07-24,2019,8.858328125,9.308588162,0.30914586,18.88657292,0.38595,981.4095523,36564.34002,21.7865
Pilgrim1,2019-07-25,2019,8.793265625,9.207227404,0.30914586,19.43903125,0.38595,979.6092187,36423.42569,22.5505
Pilgrim1,2019-07-26,2019,8.682901042,9.243021812,0.30914586,19.19476563,0.38595,977.743797,36277.97223,20.859
Pilgrim1,2019-07-27,2019,8.556359375,9.197512403,0.30914586,19.47430729,0.38595,975.8127465,36129.76179,22.388
Pilgrim1,2019-07-28,2019,8.667036458,9.331075656,0.30914586,18.73006771,0.38595,973.8155284,35979.64101,20.508
Pilgrim1,2019-07-29,2019,8.580864583,9.347551326,0.30914586,18.64872396,0.38595,971.7516072,35827.4841,20.9975
Pilgrim1,2019-07-30,2019,8.645145833,9.608264712,0.30914586,17.32386979,0.38595,969.6204521,35670.97785,19.969
Pilgrim1,2019-07-31,2019,9.389151042,9.758989499,0.30914586,16.60547396,0.38595,967.4215395,35510.12773,19.718
Pilgrim1,2019-08-01,2019,9.293973958,9.734456172,0.30914586,16.70488021,0.38595,965.1543536,35344.94031,18.876
Pilgrim1,2019-08-02,2019,8.8619375,9.296054272,0.30914586,18.95296354,0.38595,962.8183892,35175.4233,21.736
Pilgrim1,2019-08-03,2019,8.9861875,9.4083139,0.30914586,18.3370625,0.38595,960.4131528,35001.58564,20.6925
Pilgrim1,2019-08-04,2019,9.275098958,9.531802158,0.30914586,17.73228125,0.38595,957.9381647,34823.43756,20.6755
Pilgrim1,2019-08-05,2019,8.92021875,9.633055855,0.30914586,17.16982813,0.38595,955.3929608,34640.99063,18.414
Pilgrim1,2019-08-06,2019,8.92875,9.572311725,0.30914586,17.52244792,0.38595,952.7770944,34454.25784,20.458
Pilgrim1,2019-08-07,2019,8.851677083,9.542812425,0.30914586,17.64744271,0.38595,950.0901382,34264.60211,19.7595
Pilgrim1,2019-08-08,2019,9.0241875,9.55132591,0.30914586,17.59582813,0.38595,947.3316859,34073.87949,19.973
Pilgrim1,2019-08-09,2019,9.212880208,9.60205708,0.30914586,17.35589583,0.38595,944.5013546,33879.89906,20.107
Pilgrim1,2019-08-10,2019,9.560276042,9.678167053,0.30914586,16.99301563,0.38595,941.5987863,33684.80756,19.89
Pilgrim1,2019-08-11,2019,9.590791667,9.5557583,0.30914586,17.60727083,0.38595,938.6236499,33485.65649,20.09
Pilgrim1,2019-08-12,2019,9.367239583,9.63902977,0.30914586,17.15061458,0.38595,935.5756433,33282.46576,18.993
Pilgrim1,2019-08-13,2019,9.469197917,9.726006386,0.30914586,16.73009375,0.38595,932.4544952,33075.25706,19.035
Pilgrim1,2019-08-14,2019,9.786609375,10.02035308,0.30914586,15.32642188,0.38595,929.2599671,32864.05391,17.732
Pilgrim1,2019-08-15,2019,9.486255208,9.9279527,0.30914586,15.77182813,0.38595,925.991855,32648.88178,17.9135
Pilgrim1,2019-08-16,2019,7.500125,10.19144568,0.30914586,14.51025,0.38595,748.282432,7258.035857,NA
Pilgrim6,2019-06-17,2019,8.729858974,10.18308432,0.25814918,14.57128205,0.209040026,255.1577277,873.0697397,16.289
Pilgrim6,2019-06-18,2019,9.878651042,10.46900829,0.25814918,13.31832292,0.20904,1006.853488,38653.83677,15.311
Pilgrim6,2019-06-19,2019,9.897833333,10.51038976,0.25814918,13.18392188,0.20904,1007.124489,38675.52266,16.11
Pilgrim6,2019-06-20,2019,9.716166667,10.68539024,0.25814918,12.38409896,0.20904,1007.341187,38693.4821,13.276
Pilgrim6,2019-06-21,2019,9.860989583,10.55150862,0.25814918,13.00572917,0.20904,1007.503659,38706.74254,16.187
Pilgrim6,2019-06-22,2019,10.11044271,10.61240762,0.25814918,12.74622396,0.20904,1007.61196,38715.30421,15.761
Pilgrim6,2019-06-23,2019,10.24483333,10.71555927,0.25814918,12.29528125,0.20904,1007.666119,38719.16713,14.411
Pilgrim6,2019-06-24,2019,9.948489583,10.48587122,0.25814918,13.26864063,0.20904,1007.666143,38718.33112,15.965
Pilgrim6,2019-06-25,2019,9.670692708,10.29892212,0.25814918,14.13641667,0.20904,1007.612012,38712.79579,17.485
Pilgrim6,2019-06-26,2019,9.803130208,10.39673769,0.25814918,13.6600625,0.20904,1007.503681,38702.56052,16.323
Pilgrim6,2019-06-27,2019,9.759140625,10.31591127,0.25814918,14.04832292,0.20904,1007.341081,38687.62451,17.362
Pilgrim6,2019-06-28,2019,9.689390625,10.31852608,0.25814918,14.04379688,0.20904,1007.124118,38667.98675,17.459
Pilgrim6,2019-06-29,2019,9.537697917,10.64607182,0.25814918,12.55220313,0.20904,1006.852675,38643.64601,13.6385
Pilgrim6,2019-06-30,2019,9.288916667,10.66122567,0.25814918,12.48158333,0.20904,1006.526608,38614.6009,13.359
Pilgrim6,2019-07-01,2019,8.950109375,9.97248989,0.25814918,15.62169792,0.20904,1006.145751,38580.84985,18.92
Pilgrim6,2019-07-02,2019,8.720427083,9.673248896,0.25814918,17.03554688,0.20904,1005.709914,38542.39114,20.189
Pilgrim6,2019-07-03,2019,8.764046875,9.766209647,0.25814918,16.53544271,0.20904,1005.218881,38499.22287,18.458
Pilgrim6,2019-07-04,2019,8.649859375,9.588993467,0.25814918,17.45836458,0.20904,1004.672416,38451.34307,20.749
Pilgrim6,2019-07-05,2019,8.754776042,9.598979179,0.25814918,17.41084896,0.20904,1004.070259,38398.74964,20.707
Pilgrim6,2019-07-06,2019,9.047770833,9.971467517,0.25814918,15.54765625,0.20904,1003.412128,38341.44041,17.7295
Pilgrim6,2019-07-07,2019,8.830447917,9.712013607,0.25814918,16.85339583,0.20904,1002.697718,38279.41317,20.038
Pilgrim6,2019-07-08,2019,8.66146875,9.569365086,0.25814918,17.55013021,0.20904,1001.926706,38213.31022,20.3305
Pilgrim6,2019-07-09,2019,8.671276042,9.597852284,0.25814918,17.38065625,0.20904,1001.098745,38143.02931,20.055
Pilgrim6,2019-07-10,2019,8.6135625,9.409734032,0.25814918,18.35558333,0.20904,1000.213472,38068.14231,21.133
Pilgrim6,2019-07-11,2019,8.8910625,9.638261594,0.25814918,17.17944792,0.20904,999.2705032,37988.64743,19.846
Pilgrim6,2019-07-12,2019,9.480541667,10.14334475,0.25814918,14.76716146,0.20904,998.269436,37904.54293,17.003
Pilgrim6,2019-07-13,2019,9.325317708,9.965384459,0.25814918,15.63035938,0.20904,997.2098517,37815.8272,18.542
Pilgrim6,2019-07-14,2019,9.068671875,9.694963938,0.25814918,16.91339583,0.20904,996.0913153,37724.7118,19.41
Pilgrim6,2019-07-15,2019,8.720739583,9.557008338,0.25814918,17.58241146,0.20904,994.9133762,37629.27015,20.272
Pilgrim6,2019-07-16,2019,9.048791667,9.756230117,0.25814918,16.60126563,0.20904,993.6755696,37529.2908,19.385
Pilgrim6,2019-07-17,2019,9.040255208,9.744471437,0.25814918,16.68735417,0.20904,992.3774173,37424.77166,19.628
Pilgrim6,2019-07-18,2019,9.020239583,9.617858737,0.25814918,17.29241667,0.20904,991.0184294,37315.711,20.331
Pilgrim6,2019-07-19,2019,9.195130208,9.702113329,0.25814918,16.92799479,0.20904,989.5981045,37202.10745,19.31
Pilgrim6,2019-07-20,2019,9.464369565,9.512641976,0.25814918,17.90180435,0.20904,988.115932,37083.96008,NA
Pilgrim6,2019-07-21,2019,NA,NA,NA,NA,NA,986.5713926,36961.26846,NA
Pilgrim6,2019-07-22,2019,NA,NA,NA,NA,NA,984.9639598,36834.03269,NA
Pilgrim6,2019-07-23,2019,NA,NA,NA,NA,NA,983.2931014,36702.25347,NA
Pilgrim6,2019-07-24,2019,NA,NA,NA,NA,NA,981.5582809,36565.93218,NA
Pilgrim6,2019-07-25,2019,NA,NA,NA,NA,NA,979.7589588,36425.0709,NA
Pilgrim6,2019-07-26,2019,NA,NA,NA,NA,NA,977.8945942,36279.6725,NA
Pilgrim6,2019-07-27,2019,NA,NA,NA,NA,NA,975.9646462,36131.30077,NA
Pilgrim6,2019-07-28,2019,NA,NA,NA,NA,NA,973.9685758,35981.7784,NA
Pilgrim6,2019-07-29,2019,NA,NA,NA,NA,NA,971.9058471,35829.68113,NA
Pilgrim6,2019-07-30,2019,8.530432203,9.286846243,0.25814918,18.96262712,0.20904,969.7759291,35673.23646,NA
Pilgrim6,2019-07-31,2019,8.847390625,9.52449144,0.25814918,17.72495833,0.20904,967.5782977,35512.44985,19.402
Pilgrim6,2019-08-01,2019,8.723984375,9.452186844,0.25814918,18.13173438,0.20904,965.3124369,35347.32784,20.857
Pilgrim6,2019-08-02,2019,8.919583333,9.616697227,0.25814918,17.26285938,0.20904,962.977841,35177.87814,18.857
Pilgrim6,2019-08-03,2019,8.9188125,9.589319018,0.25814918,17.40774479,0.20904,960.5740159,35004.10967,19.569
Pilgrim6,2019-08-04,2019,9.277880208,9.864845028,0.25814918,16.07169271,0.20904,958.1004817,34826.03262,18.7055
Pilgrim6,2019-08-05,2019,10.50040323,10.48953025,0.25814918,13.21379032,0.20904,955.5567735,34643.65855,NA
Pilgrim6,2019-08-06,2019,9.551053846,9.838462467,0.25814918,16.18639231,0.20904,952.9424441,34457.00043,NA
Pilgrim6,2019-08-07,2019,9.603661458,9.941385743,0.25814918,15.72272396,0.20904,950.2570657,34267.16518,17.6705
Pilgrim6,2019-08-08,2019,9.143354167,9.573023889,0.25814918,17.51932813,0.20904,947.5002312,34076.51943,20.063
Pilgrim6,2019-08-09,2019,9.637791667,9.719713876,0.25814918,16.76332292,0.20904,944.6715572,33883.1501,19.201
Pilgrim6,2019-08-10,2019,9.7601875,9.81753527,0.25814918,16.306875,0.20904,941.7706848,33688.13844,18.76
Pilgrim6,2019-08-11,2019,9.373791667,9.880134795,0.25814918,15.96363542,0.20904,938.7972822,33489.06886,17.231
Pilgrim6,2019-08-12,2019,9.307973958,9.758751354,0.25814918,16.589,0.20904,935.7510466,33285.96122,19.0455
Pilgrim6,2019-08-13,2019,9.526645833,9.774826382,0.25814918,16.50342188,0.20904,932.6317058,33078.8372,18.8065
Pilgrim6,2019-08-14,2019,9.897958333,9.808816791,0.25814918,16.32681771,0.20904,929.4390203,32867.72028,18.596
Pilgrim6,2019-08-15,2019,9.799114583,9.875635098,0.25814918,16.01823958,0.20904,926.1727855,32652.63589,18.58
Pilgrim6,2019-08-16,2019,10.07302083,9.956761652,0.25814918,15.64695313,0.20904,922.8328331,32433.78627,18.285
Pilgrim6,2019-08-17,2019,9.820395833,9.824357932,0.25814918,16.28207812,0.20904,919.4190332,32216.20964,18.9115
Pilgrim6,2019-08-18,2019,9.700755208,9.934412259,0.25814918,15.71722396,0.20904,915.9312963,31994.84284,17.493
Pilgrim6,2019-08-19,2019,9.880046875,9.999961873,0.25814918,15.42369792,0.20904,912.3695751,31769.71738,17.5945
Pilgrim6,2019-08-20,2019,10.28708854,10.28144882,0.25814918,14.14601042,0.20904,908.7338662,31540.86685,16.595
Pilgrim6,2019-08-21,2019,10.37842708,10.15081174,0.25814918,14.74878646,0.20904,905.0242118,31312.44016,17.2565
Pilgrim6,2019-08-22,2019,10.00266146,10.35311777,0.25814918,13.79814583,0.20904,901.2407017,31080.41774,14.817
Pilgrim6,2019-08-23,2019,10.16843229,10.11238868,0.25814918,14.90564583,0.20904,897.3834749,30844.80709,16.765
Pilgrim6,2019-08-24,2019,9.541213542,10.3952732,0.25814918,13.6125625,0.20904,893.452721,30605.6496,14.42
Pilgrim6,2019-08-25,2019,10.06682813,10.0885977,0.25814918,15.03716667,0.20904,889.4486823,30367.79672,17.392
Pilgrim6,2019-08-26,2019,10.16897396,10.04281157,0.25814918,15.21016146,0.20904,885.3716547,30127.71754,16.986
Pilgrim6,2019-08-27,2019,10.74748958,10.12527055,0.25814918,14.84299479,0.20904,881.2219897,29884.29939,17.062
Pilgrim6,2019-08-28,2019,11.00610938,10.45365703,0.25814918,13.38255729,0.20904,877.0000954,29637.59047,15.461
Pilgrim6,2019-08-29,2019,10.64593229,10.78890526,0.25814918,11.96408854,0.20904,872.7064382,29387.64139,13.2455
Pilgrim6,2019-08-30,2019,10.70998438,10.61453654,0.25814918,12.72596354,0.20904,868.3415437,29134.50515,15.195
Pilgrim6,2019-08-31,2019,10.5715,10.40326433,0.25814918,13.62747917,0.20904,863.905998,28878.23715,15.743
Pilgrim6,2019-09-01,2019,9.894776042,10.36640303,0.25814918,13.749,0.20904,859.4004488,28623.29058,14.929
Pilgrim6,2019-09-02,2019,9.759229167,10.28684889,0.25814918,14.10132813,0.20904,854.8256064,28371.68083,15.461
Pilgrim6,2019-09-03,2019,9.913645833,10.65945433,0.25814918,12.49061979,0.20904,850.2358008,28117.18674,13.201
Pilgrim6,2019-09-04,2019,10.07381771,10.7460565,0.25814918,12.14357813,0.20904,845.5976059,27859.86978,13.7515
Pilgrim6,2019-09-05,2019,10.64004167,10.63056498,0.25814918,12.64266146,0.20904,840.8936986,27599.79384,14.834
Pilgrim6,2019-09-06,2019,10.72671875,10.70657443,0.25814918,12.31291667,0.20904,836.1249638,27337.02524,13.943
Pilgrim6,2019-09-07,2019,10.76823958,10.66307469,0.25814918,12.48854167,0.20904,831.2923506,27071.63272,13.512
Pilgrim6,2019-09-08,2019,10.3274375,10.60634004,0.25814918,12.71208333,0.20904,826.3968719,26803.68744,13.704
Pilgrim6,2019-09-09,2019,9.32238,10.90471064,0.25814918,11.48412,0.20904,821.4396053,26538.55207,NA
Pilgrim6,2019-09-10,2019,NA,NA,NA,NA,NA,816.4216931,26272.46591,NA
Pilgrim6,2019-09-11,2019,NA,NA,NA,NA,NA,811.3443425,25974.16127,NA
Pilgrim14,2019-06-11,2019,9.663014085,10.2168106,0.26014917,14.41726056,0.214600141,1003.616891,26061.46906,16.179
Pilgrim14,2019-06-12,2019,9.913484375,10.58362706,0.26014917,12.82247917,0.2146,1004.271179,38428.49453,14.368
Pilgrim14,2019-06-13,2019,9.805322917,10.58356613,0.26014917,12.84822917,0.2146,1004.869993,38477.65892,15.101
Pilgrim14,2019-06-14,2019,9.68978125,10.65167974,0.26014917,12.52836979,0.2146,1005.413577,38522.21866,13.795
Pilgrim14,2019-06-15,2019,10.03076563,10.7742498,0.26014917,12.06111458,0.2146,1005.902147,38562.17622,14.804
Pilgrim14,2019-06-16,2019,10.21934896,10.85578705,0.26014917,11.73018229,0.2146,1006.335903,38597.53392,14.4505
Pilgrim14,2019-06-17,2019,10.19363542,10.84868969,0.26014917,11.74296354,0.2146,1006.715018,38628.29398,13.149
Pilgrim14,2019-06-18,2019,9.814989583,10.55553111,0.26014917,12.94844271,0.2146,1007.039643,38654.45841,14.869
Pilgrim14,2019-06-19,2019,9.666614583,10.42148734,0.26014917,13.56205208,0.2146,1007.309907,38676.37075,16.4
Pilgrim14,2019-06-20,2019,9.804411458,10.5035097,0.26014917,13.18292708,0.2146,1007.525913,38694.30718,15.487
Pilgrim14,2019-06-21,2019,9.89678125,10.54403071,0.26014917,13.03854688,0.2146,1007.68774,38707.54705,16.166
Pilgrim14,2019-06-22,2019,9.977630208,10.60674831,0.26014917,12.78496875,0.2146,1007.795445,38716.09061,16.119
Pilgrim14,2019-06-23,2019,10.014625,10.81495741,0.26014917,11.85827083,0.2146,1007.849058,38719.93791,12.983
Pilgrim14,2019-06-24,2019,9.852484375,10.76618199,0.26014917,12.047375,0.2146,1007.848585,38719.08878,12.754
Pilgrim14,2019-06-25,2019,9.433260417,10.18329974,0.26014917,14.61321354,0.2146,1007.794007,38713.54285,17.662
Pilgrim14,2019-06-26,2019,9.262208333,9.960025798,0.26014917,15.63115104,0.2146,1007.685281,38703.29954,18.689
Pilgrim14,2019-06-27,2019,9.384286458,10.01747717,0.26014917,15.333875,0.2146,1007.522339,38688.35806,17.696
Pilgrim14,2019-06-28,2019,9.335958333,9.932395881,0.26014917,15.7624375,0.2146,1007.305087,38668.7174,18.815
Pilgrim14,2019-06-29,2019,9.288109375,9.937809384,0.26014917,15.74670313,0.2146,1007.033408,38644.37638,18.967
Pilgrim14,2019-06-30,2019,9.657130208,10.29615883,0.26014917,14.05259896,0.2146,1006.70716,38615.33362,15.307
Pilgrim14,2019-07-01,2019,9.466484375,10.13380851,0.26014917,14.78848958,0.2146,1006.326177,38581.58756,16.647
Pilgrim14,2019-07-02,2019,9.302411458,9.97334356,0.26014917,15.57354688,0.2146,1005.890269,38543.13648,18.681
Pilgrim14,2019-07-03,2019,9.207729167,9.880644279,0.26014917,16.00731771,0.2146,1005.399222,38499.97853,18.857
Pilgrim14,2019-07-04,2019,9.191140625,9.904886504,0.26014917,15.87352604,0.2146,1004.8528,38452.11172,18.4245
Pilgrim14,2019-07-05,2019,9.145875,9.755440445,0.26014917,16.59100521,0.2146,1004.250743,38399.53399,19.134
Pilgrim14,2019-07-06,2019,9.453171875,10.01665291,0.26014917,15.35898438,0.2146,1003.59277,38342.24317,18.2355
Pilgrim14,2019-07-07,2019,9.933953125,10.45667516,0.26014917,13.37517188,0.2146,1002.878577,38280.23706,15.534
Pilgrim14,2019-07-08,2019,9.637807292,10.28476205,0.26014917,14.15116146,0.2146,1002.10784,38213.89253,16.876
Pilgrim14,2019-07-09,2019,9.277171875,9.984734059,0.26014917,15.50035417,0.2146,1001.280215,38143.63711,17.595
Pilgrim14,2019-07-10,2019,8.994510417,9.839548669,0.26014917,16.1825625,0.2146,1000.395337,38068.77832,19.1175
Pilgrim14,2019-07-11,2019,9.190317708,10.08048612,0.26014917,15.05794792,0.2146,999.4528224,37989.31437,17.924
Pilgrim14,2019-07-12,2019,9.004833333,10.02138074,0.26014917,15.3540625,0.2146,998.4522705,37905.24353,18.521
Pilgrim14,2019-07-13,2019,8.956989583,9.997028394,0.26014917,15.4520625,0.2146,997.3932625,37817.10368,18.622
Pilgrim14,2019-07-14,2019,9.279776042,10.01992799,0.26014917,15.3510625,0.2146,996.2753634,37726.23651,17.764
Pilgrim14,2019-07-15,2019,8.916791667,9.543519649,0.26014917,17.65875,0.2146,995.0981229,37630.83673,20.039
Pilgrim14,2019-07-16,2019,8.676177083,9.341032494,0.26014917,18.68484375,0.2146,993.8610765,37530.90199,20.75
Pilgrim14,2019-07-17,2019,9.019692708,9.702648841,0.26014917,16.83604167,0.2146,992.5637461,37426.43021,18.8235
Pilgrim14,2019-07-18,2019,9.056630208,9.843510112,0.26014917,16.13498438,0.2146,991.2056418,37317.41964,17.3115
Pilgrim14,2019-07-19,2019,8.998177083,9.717718735,0.26014917,16.75136458,0.2146,989.7862625,37203.86893,18
Pilgrim14,2019-07-20,2019,9.368588542,10.01128046,0.26014917,15.34457813,0.2146,988.3050975,37085.77714,16.613
Pilgrim14,2019-07-21,2019,9.566166667,10.12578513,0.26014917,14.83680729,0.2146,986.7616276,36963.14382,17.134
Pilgrim14,2019-07-22,2019,9.549052083,10.10198284,0.26014917,14.96372917,0.2146,985.1553262,36835.96909,17.629
Pilgrim14,2019-07-23,2019,9.4595625,9.997135668,0.26014917,15.43576042,0.2146,983.4856611,36704.25362,17.958
Pilgrim14,2019-07-24,2019,9.393520833,9.85739053,0.26014917,16.10016146,0.2146,981.7520956,36567.9988,18.6475
Pilgrim14,2019-07-25,2019,9.303557292,9.808702082,0.26014917,16.33950521,0.2146,979.9540902,36427.20668,19.109
Pilgrim14,2019-07-26,2019,9.232114583,9.763724515,0.26014917,16.52861458,0.2146,978.0911035,36281.88014,18.13
Pilgrim14,2019-07-27,2019,9.0696875,9.703449563,0.26014917,16.84713542,0.2146,976.1625947,36133.2581,19.537
Pilgrim14,2019-07-28,2019,9.290182292,9.851304225,0.26014917,16.10905729,0.2146,974.1680242,35984.55667,17.797
Pilgrim14,2019-07-29,2019,9.158635417,9.779167283,0.26014917,16.46148438,0.2146,972.106856,35832.53739,18.4375
Pilgrim14,2019-07-30,2019,9.593208333,10.15922027,0.26014917,14.69621875,0.2146,969.9785586,35676.1733,17.3245
Pilgrim14,2019-07-31,2019,9.836979167,10.32632082,0.26014917,13.96189063,0.2146,967.7826074,35515.46984,16.761
Pilgrim14,2019-08-01,2019,9.750666667,10.24847817,0.26014917,14.29368229,0.2146,965.518486,35350.43353,16.672
Pilgrim14,2019-08-02,2019,9.409713542,9.873325356,0.26014917,16.02755729,0.2146,963.1856881,35181.07206,18.454
Pilgrim14,2019-08-03,2019,9.57396875,10.04776731,0.26014917,15.19322917,0.2146,960.7837193,35007.39431,17.227
Pilgrim14,2019-08-04,2019,9.513583333,10.11804581,0.26014917,14.88774479,0.2146,958.3120986,34829.41047,17.413
Pilgrim14,2019-08-05,2019,9.251364583,9.932268438,0.26014917,15.71684375,0.2146,955.7703607,34647.13205,16.7995
Pilgrim14,2019-08-06,2019,9.231046875,9.899094861,0.26014917,15.89165104,0.2146,953.1580577,34460.572,18.151
Pilgrim14,2019-08-07,2019,9.269088542,9.967406185,0.26014917,15.56575,0.2146,950.4747608,34270.4617,17.7175
Pilgrim14,2019-08-08,2019,9.378447917,10.0207218,0.26014917,15.31351563,0.2146,947.7200624,34079.91695,17.5355
Pilgrim14,2019-08-09,2019,9.488697917,10.12509086,0.26014917,14.84526563,0.2146,944.8935778,33887.38761,17.426
Pilgrim14,2019-08-10,2019,9.557411458,10.19292376,0.26014917,14.54966146,0.2146,941.9949474,33692.48103,17.35
Pilgrim14,2019-08-11,2019,9.452072917,10.04792583,0.26014917,15.20715625,0.2146,939.0238385,33493.51873,17.848
Pilgrim14,2019-08-12,2019,9.596520833,10.20126667,0.26014917,14.48294271,0.2146,935.9799469,33290.52055,16.094
Pilgrim14,2019-08-13,2019,9.717875,10.2848219,0.26014917,14.12027604,0.2146,932.8629997,33083.5081,16.204
Pilgrim14,2019-08-14,2019,9.926,10.52158474,0.26014917,13.09598958,0.2146,929.6727561,32872.50484,15.615
Pilgrim14,2019-08-15,2019,9.779604167,10.43012859,0.26014917,13.49307292,0.2146,926.4090102,32657.53614,15.872
Pilgrim14,2019-08-16,2019,9.829447917,10.51979828,0.26014917,13.07813021,0.2146,923.0715924,32438.62932,14.013
Pilgrim14,2019-08-17,2019,9.678953125,10.36103605,0.26014917,13.78502604,0.2146,919.6603718,32220.92285,15.671
Pilgrim14,2019-08-18,2019,9.51090625,10.4171728,0.26014917,13.52077083,0.2146,916.1752574,31999.67568,14.584
Pilgrim14,2019-08-19,2019,9.446588542,10.18946578,0.26014917,14.54502604,0.2146,912.6162005,31774.67169,16.621
Pilgrim14,2019-08-20,2019,9.452052083,10.19975172,0.26014917,14.48488021,0.2146,908.9831961,31546.63363,16.119
Pilgrim14,2019-08-21,2019,9.655140625,10.35295891,0.26014917,13.81989063,0.2146,905.2762852,31318.36255,15.932
Pilgrim14,2019-08-22,2019,10.07263542,10.70145803,0.26014917,12.33114583,0.2146,901.4955558,31086.46577,14.212
Pilgrim14,2019-08-23,2019,10.3363125,10.9062841,0.26014917,11.49565625,0.2146,897.6411455,30850.98233,12.9345
Pilgrim14,2019-08-24,2019,10.21723958,10.82552522,0.26014917,11.83775521,0.2146,893.7132423,30611.95356,13.804
Pilgrim14,2019-08-25,2019,9.998677083,10.60473641,0.26014917,12.74292188,0.2146,889.7120866,30373.76261,14.42
Pilgrim14,2019-08-26,2019,9.837682292,10.56749405,0.26014917,12.88035417,0.2146,885.6379728,30133.81312,13.874
Pilgrim14,2019-08-27,2019,9.68425,10.45173599,0.26014917,13.37548958,0.2146,881.4912505,29890.52597,14.748
Pilgrim14,2019-08-28,2019,9.911765625,10.71052712,0.26014917,12.27692708,0.2146,877.2723263,29643.94933,13.013
Pilgrim14,2019-08-29,2019,10.00246875,10.7808123,0.26014917,11.9930625,0.2146,872.9816645,29394.13372,13.342
Pilgrim14,2019-08-30,2019,10.09333333,10.75558665,0.26014917,12.10650521,0.2146,868.619789,29141.13207,13.908
Pilgrim14,2019-08-31,2019,10.25013021,10.77762978,0.26014917,12.01814583,0.2146,864.1872839,28884.99972,13.674
Pilgrim14,2019-09-01,2019,10.20544271,10.76497355,0.26014917,12.06171875,0.2146,859.6847952,28630.37578,12.939
Pilgrim14,2019-09-02,2019,10.10496875,10.74347617,0.26014917,12.14569792,0.2146,855.113031,28378.9002,13.438
Pilgrim14,2019-09-03,2019,9.002979167,10.77107875,0.26014917,12.03126563,0.2146,850.4863975,28124.54109,12.7585
Pilgrim14,2019-09-04,2019,8.626217391,10.89954022,0.26014917,11.50515217,0.2146,845.8513056,27867.35984,NA
Pilgrim14,2019-09-05,2019,NA,NA,NA,NA,NA,841.1505151,27607.42028,NA
Pilgrim14,2019-09-06,2019,NA,NA,NA,NA,NA,836.3849093,17849.454,NA
Pilgrim15,2019-05-31,2019,9.069076923,10.66830369,0.083787389,12.48505128,0.004550026,223.3970663,675.9191849,14.9365
Pilgrim15,2019-06-01,2019,9.199203125,10.4069008,0.083787389,13.65376563,0.00455,994.1912829,37582.66951,16.991
Pilgrim15,2019-06-02,2019,9.34334375,10.54160127,0.083787389,13.10419271,0.00455,995.3884545,37682.66375,17.236
Pilgrim15,2019-06-03,2019,9.529697917,10.72369808,0.083787389,12.26191667,0.00455,996.5255213,37778.02652,14.7085
Pilgrim15,2019-06-04,2019,9.10640625,10.37839487,0.083787389,13.7589375,0.00455,997.6029586,37868.7594,17.249
Pilgrim15,2019-06-05,2019,9.119296875,10.40119093,0.083787389,13.63175,0.00455,998.6212289,37954.86426,15.936
Pilgrim15,2019-06-06,2019,8.688817708,9.838688755,0.083787389,16.2631875,0.00455,999.5807806,38036.34321,19.961
Pilgrim15,2019-06-07,2019,8.459895833,9.566027444,0.083787389,17.57971354,0.00455,1000.482047,38113.19856,20.864
Pilgrim15,2019-06-08,2019,8.01125,9.156821079,0.083787389,19.75202083,0.00455,1001.325446,38185.43275,23.7565
Pilgrim15,2019-06-09,2019,8.31846875,9.531640643,0.083787389,17.73393229,0.00455,1002.111378,38253.04835,20.471
Pilgrim15,2019-06-10,2019,8.52553125,9.730769274,0.083787389,16.78388542,0.00455,1002.8572,38316.04797,20.923
Pilgrim15,2019-06-11,2019,8.491104167,9.656690581,0.083787389,17.14004688,0.00455,1003.567228,38374.43428,20.9685
Pilgrim15,2019-06-12,2019,8.866536458,10.05799679,0.083787389,15.17897917,0.00455,1004.221503,38428.20994,17.4475
Pilgrim15,2019-06-13,2019,8.805911458,10.00063088,0.083787389,15.46127604,0.00455,1004.820288,38477.37756,18.989
Pilgrim15,2019-06-14,2019,8.908348958,10.1937882,0.083787389,14.52576042,0.00455,1005.363824,38521.93971,16.153
Pilgrim15,2019-06-15,2019,8.89709375,10.07962795,0.083787389,15.11335417,0.00455,1005.852331,38561.89884,18.951
Pilgrim15,2019-06-16,2019,8.937895833,10.09175702,0.083787389,15.06225521,0.00455,1006.286007,38597.2573,18.964
Pilgrim15,2019-06-17,2019,8.956244792,10.09991185,0.083787389,14.97106771,0.00455,1006.665026,38628.0173,17.5445
Pilgrim15,2019-06-18,2019,8.766625,9.94013851,0.083787389,15.75476042,0.00455,1006.989539,38654.18087,19.2615
Pilgrim15,2019-06-19,2019,8.443260417,9.734016973,0.083787389,16.81614063,0.00455,1007.259675,38676.3629,21.47
Pilgrim15,2019-06-20,2019,8.587822917,9.846002354,0.083787389,16.21727604,0.00455,1007.475538,38694.29689,20.011
Pilgrim15,2019-06-21,2019,8.560859375,9.786261867,0.083787389,16.55963021,0.00455,1007.637207,38707.53353,21.115
Pilgrim15,2019-06-22,2019,8.5358125,9.720456396,0.083787389,16.86936979,0.00455,1007.744739,38716.07309,21.257
Pilgrim15,2019-06-23,2019,8.671984375,9.9734944,0.083787389,15.5385,0.00455,1007.798164,38719.91561,17.2065
Pilgrim15,2019-06-24,2019,8.679614583,10.06143797,0.083787389,15.11408854,0.00455,1007.797489,38719.06095,16.456
Pilgrim15,2019-06-25,2019,8.207338542,9.409167195,0.083787389,18.39182813,0.00455,1007.742696,38713.50875,22.2345
Pilgrim15,2019-06-26,2019,7.855109375,9.085751243,0.083787389,20.12967708,0.00455,1007.633741,38703.25842,23.924
Pilgrim15,2019-06-27,2019,7.709713542,8.986903853,0.083787389,20.64792708,0.00455,1007.470556,38688.30918,23.3925
Pilgrim15,2019-06-28,2019,7.628494792,8.896850134,0.083787389,21.21908333,0.00455,1007.253049,38668.66005,25.224
Pilgrim15,2019-06-29,2019,7.603088542,8.898431514,0.083787389,21.22301042,0.00455,1006.981102,38644.30984,25.46
Pilgrim15,2019-06-30,2019,8.02934375,9.315786056,0.083787389,18.81356771,0.00455,1006.654574,38615.25718,20.906
Pilgrim15,2019-07-01,2019,7.821026042,9.218299698,0.083787389,19.35199479,0.00455,1006.273299,38581.50053,22.159
Pilgrim15,2019-07-02,2019,7.63065625,8.974996269,0.083787389,20.77180729,0.00455,1005.837088,38543.03817,25.01
Pilgrim15,2019-07-03,2019,7.576010417,8.836155747,0.083787389,21.577125,0.00455,1005.345726,38499.86827,25.687
Pilgrim15,2019-07-04,2019,7.338223958,8.771166392,0.083787389,21.90974479,0.00455,1004.798979,38451.98885,25.493
Pilgrim15,2019-07-05,2019,7.332890625,8.638055083,0.083787389,22.70776042,0.00455,1004.196586,38399.39784,26.1215
Pilgrim15,2019-07-06,2019,7.679239583,9.031299907,0.083787389,20.48689583,0.00455,1003.538267,38342.09311,24.947
Pilgrim15,2019-07-07,2019,8.306166667,9.490706857,0.083787389,17.97153646,0.00455,1002.823718,38280.07245,21.541
Pilgrim15,2019-07-08,2019,8.003239583,9.2371548,0.083787389,19.33559375,0.00455,1002.052616,38213.44097,23.6265
Pilgrim15,2019-07-09,2019,7.487838542,8.779109699,0.083787389,21.88590104,0.00455,1001.224617,38143.16973,25.54
Pilgrim15,2019-07-10,2019,7.337640625,8.811842315,0.083787389,21.68935938,0.00455,1000.339356,38068.29452,25.696
Pilgrim15,2019-07-11,2019,7.908197917,9.170427472,0.083787389,19.66432292,0.00455,999.3964509,37988.81356,23.4925
Pilgrim15,2019-07-12,2019,7.660307292,8.989416301,0.083787389,20.68346875,0.00455,998.3955003,37904.72514,24.695
Pilgrim15,2019-07-13,2019,7.6271875,9.051621938,0.083787389,20.35660417,0.00455,997.3360862,37816.68633,24.905
Pilgrim15,2019-07-14,2019,7.76378125,8.899264852,0.083787389,21.2598125,0.00455,996.2177738,37725.80071,25.098
Pilgrim15,2019-07-15,2019,7.195828125,8.790475687,0.083787389,21.89082813,0.00455,995.0401134,37630.38197,27.684
Pilgrim15,2019-07-16,2019,7.402953125,9.055895834,0.083787389,20.23566146,0.00455,993.8026407,37530.42775,22.226
Pilgrim15,2019-07-17,2019,7.8388125,9.053563421,0.083787389,20.25344792,0.00455,992.5048782,37425.936,22.5895
Pilgrim15,2019-07-18,2019,7.725911458,9.046946013,0.083787389,20.26134375,0.00455,991.1463362,37316.90498,21.574
Pilgrim15,2019-07-19,2019,7.644270833,8.91672526,0.083787389,21.01538021,0.00455,989.7265141,37203.33334,22.7605
Pilgrim15,2019-07-20,2019,8.05475,9.246035084,0.083787389,19.18334375,0.00455,988.2449015,37085.22016,20.948
Pilgrim15,2019-07-21,2019,8.220463542,9.344609336,0.083787389,18.69573958,0.00455,986.7009795,36962.565,21.796
Pilgrim15,2019-07-22,2019,8.099088542,9.253051886,0.083787389,19.19185417,0.00455,985.0942221,36835.36799,22.435
Pilgrim15,2019-07-23,2019,7.920541667,9.091331288,0.083787389,20.06722917,0.00455,983.4240974,36703.62983,23.271
Pilgrim15,2019-07-24,2019,7.760895833,8.928430516,0.083787389,21.00156771,0.00455,981.6900691,36567.35189,24.309
Pilgrim15,2019-07-25,2019,7.532588542,8.78995968,0.083787389,21.79118229,0.00455,979.8915979,36426.53627,24.804
Pilgrim15,2019-07-26,2019,7.551114583,8.839777655,0.083787389,21.46973438,0.00455,978.0281431,36281.18582,23.752
Pilgrim15,2019-07-27,2019,7.458911458,8.855619066,0.083787389,21.40702083,0.00455,976.0991639,36132.26708,24.67
Pilgrim15,2019-07-28,2019,7.569494792,8.871335768,0.083787389,21.291125,0.00455,974.1041214,35983.67817,23.388
Pilgrim15,2019-07-29,2019,7.805463542,9.084615822,0.083787389,20.08877604,0.00455,972.0424796,35831.63452,22.727
Pilgrim15,2019-07-30,2019,8.136213542,9.424549705,0.083787389,18.31536979,0.00455,969.9137078,35675.24576,21.892
Pilgrim15,2019-07-31,2019,8.253776042,9.483692286,0.083787389,18.01360938,0.00455,967.7172814,35514.51732,21.591
Pilgrim15,2019-08-01,2019,8.08221875,9.296536379,0.083787389,18.953,0.00455,965.4526845,35349.45576,21.374
Pilgrim15,2019-08-02,2019,7.713942708,8.899955899,0.083787389,21.15622917,0.00455,963.1194111,35180.06875,24.368
Pilgrim15,2019-08-03,2019,7.97975,9.208195642,0.083787389,19.44236458,0.00455,960.716967,35006.3652,22.577
Pilgrim15,2019-08-04,2019,7.985328125,9.147810922,0.083787389,19.7670625,0.00455,958.2448718,34828.3553,22.786
Pilgrim15,2019-08-05,2019,8.031697917,9.306290783,0.083787389,18.85752083,0.00455,955.7026604,34646.05059,20.705
Pilgrim15,2019-08-06,2019,8.030796875,9.244598198,0.083787389,19.21873958,0.00455,953.0898851,34459.46403,21.9795
Pilgrim15,2019-08-07,2019,8.039302083,9.217356085,0.083787389,19.35680729,0.00455,950.4061175,34269.05567,21.9
Pilgrim15,2019-08-08,2019,8.08921875,9.265740507,0.083787389,19.09630208,0.00455,947.6509503,34078.48405,21.875
Pilgrim15,2019-08-09,2019,8.150385417,9.332857326,0.083787389,18.76550521,0.00455,944.8239991,33886.08441,22.042
Pilgrim15,2019-08-10,2019,8.159588542,9.316348415,0.083787389,18.86166146,0.00455,941.9249045,33691.15143,22.2885
Pilgrim15,2019-08-11,2019,7.991703125,9.118779513,0.083787389,19.93275,0.00455,938.953334,33492.1626,22.903
Pilgrim15,2019-08-12,2019,8.088802083,9.285821473,0.083787389,18.98172396,0.00455,935.908984,33289.13774,20.973
Pilgrim15,2019-08-13,2019,8.155328125,9.434879362,0.083787389,18.24895313,0.00455,932.7915814,33082.09848,21.2945
Pilgrim15,2019-08-14,2019,8.396369792,9.721401904,0.083787389,16.7786875,0.00455,929.6008858,32871.0683,19.752
Pilgrim15,2019-08-15,2019,8.187911458,9.521300041,0.083787389,17.79492188,0.00455,926.3366916,32656.07257,20.998
Pilgrim15,2019-08-16,2019,8.12075,9.686898045,0.083787389,16.90757813,0.00455,922.9988295,32437.13863,18.468
Pilgrim15,2019-08-17,2019,7.917630208,9.371368777,0.083787389,18.55947396,0.00455,919.5871685,32219.13637,21.224
Pilgrim15,2019-08-18,2019,8.239635417,9.748736444,0.083787389,16.59910417,0.00455,916.1016179,31997.86205,17.6845
Pilgrim15,2019-08-19,2019,8.30009375,9.462669046,0.083787389,18.06158333,0.00455,912.5421291,31772.83086,20.463
Pilgrim15,2019-08-20,2019,8.199348958,9.462873979,0.083787389,18.04857292,0.00455,908.9086975,31544.94258,20.0405
Pilgrim15,2019-08-21,2019,8.430223958,9.607428198,0.083787389,17.35980208,0.00455,905.2013639,31316.64518,20.3835
Pilgrim15,2019-08-22,2019,8.840875,9.997302142,0.083787389,15.46269271,0.00455,901.4202168,31084.72205,18.3
Pilgrim15,2019-08-23,2019,9.220348958,10.27934903,0.083787389,14.16283854,0.00455,897.5653936,30849.21224,16.4515
Pilgrim15,2019-08-24,2019,9.152520833,10.21031133,0.083787389,14.48031771,0.00455,893.6370825,30610.1571,17.092
Pilgrim15,2019-08-25,2019,8.736411458,9.827524998,0.083787389,16.26940104,0.00455,889.635524,30371.67525,18.577
Pilgrim15,2019-08-26,2019,8.50884375,9.80141451,0.083787389,16.35034375,0.00455,885.5610126,30131.6996,17.57
Pilgrim15,2019-08-27,2019,8.442317708,9.730482767,0.083787389,16.71089583,0.00455,881.4138979,29888.38631,18.699
Pilgrim15,2019-08-28,2019,8.98734375,10.24454613,0.083787389,14.28096875,0.00455,877.1945865,29641.78355,15.242
Pilgrim15,2019-08-29,2019,9.066807292,10.31221239,0.083787389,13.98806771,0.00455,872.9035428,29391.94186,15.7265
Pilgrim15,2019-08-30,2019,9.071177083,10.16458477,0.083787389,14.67355729,0.00455,868.5412906,29138.91417,17.262
Pilgrim15,2019-08-31,2019,9.087588542,10.11293522,0.083787389,14.91344792,0.00455,864.1084142,28882.88702,17.422
Pilgrim15,2019-09-01,2019,8.9781875,10.03316814,0.083787389,15.25697917,0.00455,859.6055593,28628.04523,16.524
Pilgrim15,2019-09-02,2019,8.91309375,10.08798221,0.083787389,15.00626042,0.00455,855.0334342,28376.54504,16.889
Pilgrim15,2019-09-03,2019,8.929541667,10.42025722,0.083787389,13.50351042,0.00455,850.3928105,28122.16138,14.328
Pilgrim15,2019-09-04,2019,9.273026042,10.43979495,0.083787389,13.45369271,0.00455,845.7557462,27864.95566,15.602
Pilgrim15,2019-09-05,2019,9.25185,10.34262628,0.083787389,13.86079444,0.00455,841.0545872,27604.9917,NA
Pilgrim15,2019-09-06,2019,NA,NA,NA,NA,NA,805.4825934,10414.57235,NA
Pilgrim16,2019-05-31,2019,9.512282051,11.11470115,0.189416468,10.71415385,0.072930026,223.3151644,675.1790069,13.7105
Pilgrim16,2019-06-01,2019,9.770390625,11.13335861,0.189416468,10.66658854,0.07293,994.3486906,37583.78705,13.497
Pilgrim16,2019-06-02,2019,9.94190625,11.27679328,0.189416468,10.14265625,0.07293,995.5449715,37683.73617,13.663
Pilgrim16,2019-06-03,2019,10.15836458,11.46884277,0.189416468,9.381723958,0.07293,996.6811834,37779.05573,11.729
Pilgrim16,2019-06-04,2019,9.583651042,10.99368272,0.189416468,11.21675,0.07293,997.7578019,37869.74733,14.59
Pilgrim16,2019-06-05,2019,9.5406875,11.00685971,0.189416468,11.11623958,0.07293,998.7752898,37955.81287,13.41
Pilgrim16,2019-06-06,2019,9.263088542,10.63152156,0.189416468,12.71958333,0.07293,999.734096,38037.25447,16.439
Pilgrim16,2019-06-07,2019,9.148625,10.47157431,0.189416468,13.36908854,0.07293,1000.634654,38114.07443,16.524
Pilgrim16,2019-06-08,2019,8.815692708,10.13739552,0.189416468,14.86804167,0.07293,1001.477383,38186.27522,18.446
Pilgrim16,2019-06-09,2019,9.107296875,10.45056587,0.189416468,13.39999479,0.07293,1002.262682,38253.85942,15.313
Pilgrim16,2019-06-10,2019,9.274041667,10.60677345,0.189416468,12.77132292,0.07293,1003.010355,38316.82965,15.843
Pilgrim16,2019-06-11,2019,9.120916667,10.51680339,0.189416468,13.18127083,0.07293,1003.719839,38375.18859,16.129
Pilgrim16,2019-06-12,2019,9.117322917,10.61213566,0.189416468,12.70833854,0.07293,1004.373609,38428.9389,14.392
Pilgrim16,2019-06-13,2019,8.900791667,10.55134554,0.189416468,13.01876042,0.07293,1004.971929,38478.08322,15.826
Pilgrim16,2019-06-14,2019,8.926015625,10.66161555,0.189416468,12.49559375,0.07293,1005.515041,38522.6241,13.98
Pilgrim16,2019-06-15,2019,9.474708333,10.91109083,0.189416468,11.52070833,0.07293,1006.003163,38562.56402,14.175
Pilgrim16,2019-06-16,2019,9.633177083,11.0037922,0.189416468,11.14761979,0.07293,1006.436493,38597.90533,13.732
Pilgrim16,2019-06-17,2019,9.221135417,10.81348553,0.189416468,11.9375,0.07293,1006.815207,38628.65025,14.2445
Pilgrim16,2019-06-18,2019,8.612088542,10.39642434,0.189416468,13.6435625,0.07293,1007.139456,38654.80081,15.783
Pilgrim16,2019-06-19,2019,8.553973958,10.30725044,0.189416468,14.07903646,0.07293,1007.409368,38676.78913,17.05
Pilgrim16,2019-06-20,2019,8.831645833,10.40352789,0.189416468,13.62633854,0.07293,1007.625048,38694.7144,16.069
Pilgrim16,2019-06-21,2019,9.182401042,10.59218656,0.189416468,12.83523958,0.07293,1007.786575,38707.94443,15.6725
Pilgrim16,2019-06-22,2019,9.407036458,10.74327198,0.189416468,12.22716146,0.07293,1007.894006,38716.47949,15.321
Pilgrim16,2019-06-23,2019,9.478947917,10.93850242,0.189416468,11.36692708,0.07293,1007.947371,38720.31963,12.673
Pilgrim16,2019-06-24,2019,9.338791667,10.89996661,0.189416468,11.50784896,0.07293,1007.946678,38719.4647,12.337
Pilgrim16,2019-06-25,2019,8.866197917,10.33331233,0.189416468,13.94939063,0.07293,1007.891907,38713.91435,16.694
Pilgrim16,2019-06-26,2019,8.786692708,10.15564945,0.189416468,14.73030208,0.07293,1007.783015,38703.66799,17.338
Pilgrim16,2019-06-27,2019,8.912479167,10.23357908,0.189416468,14.35465625,0.07293,1007.619935,38688.72484,16.367
Pilgrim16,2019-06-28,2019,8.832619792,10.131767,0.189416468,14.84120313,0.07293,1007.402574,38669.08391,17.566
Pilgrim16,2019-06-29,2019,8.831739583,10.12200431,0.189416468,14.89565104,0.07293,1007.130814,38644.74402,17.718
Pilgrim16,2019-06-30,2019,9.153734375,10.47815056,0.189416468,13.26313542,0.07293,1006.804514,38615.7038,14.5945
Pilgrim16,2019-07-01,2019,8.9463125,10.29818132,0.189416468,14.05036458,0.07293,1006.423508,38581.9617,15.467
Pilgrim16,2019-07-02,2019,8.820682292,10.15867625,0.189416468,14.72935938,0.07293,1005.987607,38543.516,17.498
Pilgrim16,2019-07-03,2019,8.771114583,10.08290138,0.189416468,15.06784375,0.07293,1005.496596,38500.36486,17.709
Pilgrim16,2019-07-04,2019,8.726354167,10.10166044,0.189416468,14.96168229,0.07293,1004.95024,38452.50631,17.186
Pilgrim16,2019-07-05,2019,8.651057292,9.958183392,0.189416468,15.61944271,0.07293,1004.34828,38399.93826,17.6545
Pilgrim16,2019-07-06,2019,8.987526042,10.23187316,0.189416468,14.37070313,0.07293,1003.690434,38342.65858,16.541
Pilgrim16,2019-07-07,2019,9.376088542,10.63132273,0.189416468,12.63752604,0.07293,1002.976398,38280.66506,14.659
Pilgrim16,2019-07-08,2019,9.18334375,10.45163695,0.189416468,13.42858854,0.07293,1002.20585,38214.23936,15.929
Pilgrim16,2019-07-09,2019,8.851067708,10.1614129,0.189416468,14.70046875,0.07293,1001.378444,38143.99888,16.957
Pilgrim16,2019-07-10,2019,8.692526042,10.04157118,0.189416468,15.23019271,0.07293,1000.493816,38069.15647,17.253
Pilgrim16,2019-07-11,2019,8.980770833,10.29118127,0.189416468,14.10009896,0.07293,999.5515832,37989.71035,16.159
Pilgrim16,2019-07-12,2019,8.89678125,10.22597003,0.189416468,14.42042708,0.07293,998.5513443,37905.65878,16.923
Pilgrim16,2019-07-13,2019,8.959192708,10.22710036,0.189416468,14.38811979,0.07293,997.4926806,37817.89747,16.541
Pilgrim16,2019-07-14,2019,8.969166667,10.23504645,0.189416468,14.37382813,0.07293,996.3751574,37727.05242,16.6605
Pilgrim16,2019-07-15,2019,8.209359375,9.783226162,0.189416468,16.43076042,0.07293,995.1983244,37631.67621,18.526
Pilgrim16,2019-07-16,2019,8.245932292,9.725364882,0.189416468,16.73069792,0.07293,993.961717,37531.76647,18.559
Pilgrim16,2019-07-17,2019,8.700307292,10.05010535,0.189416468,15.18163021,0.07293,992.6648574,37427.32114,17.0035
Pilgrim16,2019-07-18,2019,8.650442708,10.10946784,0.189416468,14.89453125,0.07293,991.3072555,37318.33846,16.001
Pilgrim16,2019-07-19,2019,8.603661458,10.0104399,0.189416468,15.35042188,0.07293,989.8884104,37204.81708,16.4775
Pilgrim16,2019-07-20,2019,8.929296875,10.28348865,0.189416468,14.10548438,0.07293,988.4078112,37086.75605,15.047
Pilgrim16,2019-07-21,2019,9.108208333,10.39120165,0.189416468,13.64396875,0.07293,986.8649385,36964.15492,15.124
Pilgrim16,2019-07-22,2019,9.070364583,10.33288601,0.189416468,13.91736458,0.07293,985.259266,36837.01379,15.822
Pilgrim16,2019-07-23,2019,9.022432292,10.25428809,0.189416468,14.25831771,0.07293,983.5902613,36705.33336,16.091
Pilgrim16,2019-07-24,2019,8.896786458,10.1167822,0.189416468,14.8843125,0.07293,981.8573875,36569.11498,16.8895
Pilgrim16,2019-07-25,2019,8.831880208,10.0621544,0.189416468,15.13992708,0.07293,980.0601049,36428.36071,17.126
Pilgrim16,2019-07-26,2019,8.720848958,9.999181066,0.189416468,15.40671354,0.07293,978.1978721,36283.07341,16.72
Pilgrim16,2019-07-27,2019,8.569833333,9.950040881,0.189416468,15.64857813,0.07293,976.2701481,36134.3672,17.465
Pilgrim16,2019-07-28,2019,8.732046875,10.09144818,0.189416468,14.98085938,0.07293,974.276393,35986.06073,16.2395
Pilgrim16,2019-07-29,2019,8.5976875,9.995136784,0.189416468,15.42396354,0.07293,972.2160706,35834.08382,16.707
Pilgrim16,2019-07-30,2019,9.102203125,10.38595158,0.189416468,13.67116146,0.07293,970.0886494,35677.76345,15.304
Pilgrim16,2019-07-31,2019,9.281557292,10.51932816,0.189416468,13.11201563,0.07293,967.8936042,35517.10504,15.115
Pilgrim16,2019-08-01,2019,9.216807292,10.45086306,0.189416468,13.39920313,0.07293,965.6304185,35352.1151,15.038
Pilgrim16,2019-08-02,2019,8.84003125,10.10389868,0.189416468,14.94371354,0.07293,963.2985857,35182.80129,16.872
Pilgrim16,2019-08-03,2019,9.043135417,10.2922519,0.189416468,14.07765625,0.07293,960.8976108,35009.17249,15.557
Pilgrim16,2019-08-04,2019,9.06290625,10.34429881,0.189416468,13.86633333,0.07293,958.4270128,34831.23888,15.698
Pilgrim16,2019-08-05,2019,8.749796875,10.17756825,0.189416468,14.58523958,0.07293,955.8863258,34649.01194,15.809
Pilgrim16,2019-08-06,2019,8.84528125,10.21900154,0.189416468,14.40809375,0.07293,953.2751016,34462.50462,16.099
Pilgrim16,2019-08-07,2019,8.893260417,10.25947181,0.189416468,14.22627604,0.07293,950.5929108,34272.29796,15.788
Pilgrim16,2019-08-08,2019,8.955786458,10.29949803,0.189416468,14.04277083,0.07293,947.8393455,34081.80745,15.441
Pilgrim16,2019-08-09,2019,9.083317708,10.38949691,0.189416468,13.65497396,0.07293,945.0140205,33889.68021,15.334
Pilgrim16,2019-08-10,2019,9.142135417,10.42566197,0.189416468,13.50933333,0.07293,942.1165756,33694.82985,15.433
Pilgrim16,2019-08-11,2019,9.015380208,10.28354054,0.189416468,14.12978125,0.07293,939.1466776,33495.92489,15.903
Pilgrim16,2019-08-12,2019,9.159885417,10.44324832,0.189416468,13.41317188,0.07293,936.1040219,33292.98515,14.6635
Pilgrim16,2019-08-13,2019,9.198723958,10.48787396,0.189416468,13.23091667,0.07293,932.9883347,33086.03222,14.8875
Pilgrim16,2019-08-14,2019,9.45703125,10.72220007,0.189416468,12.24668229,0.07293,929.7993748,32875.08954,13.88
Pilgrim16,2019-08-15,2019,9.359260417,10.64159148,0.189416468,12.590875,0.07293,926.5369357,32660.18245,14.469
Pilgrim16,2019-08-16,2019,9.3708125,10.71489145,0.189416468,12.26132292,0.07293,923.2008472,32441.33824,13.182
Pilgrim16,2019-08-17,2019,9.207885417,10.5531776,0.189416468,12.95894792,0.07293,919.7909775,32223.52029,14.694
Pilgrim16,2019-08-18,2019,9.030640625,10.58328574,0.189416468,12.81471354,0.07293,916.3072351,32002.33671,14.032
Pilgrim16,2019-08-19,2019,9.131765625,10.47044817,0.189416468,13.30814583,0.07293,912.7495704,31777.39724,14.9905
Pilgrim16,2019-08-20,2019,9.1616875,10.46732317,0.189416468,13.30806771,0.07293,909.1179778,31549.76056,14.504
Pilgrim16,2019-08-21,2019,9.285119792,10.57691695,0.189416468,12.85211979,0.07293,905.4124975,31321.55516,14.521
Pilgrim16,2019-08-22,2019,9.655223958,10.89902312,0.189416468,11.52489583,0.07293,901.6332168,31089.72487,13.042
Pilgrim16,2019-08-23,2019,9.844989583,11.04044929,0.189416468,10.96646354,0.07293,897.7802722,30854.3087,12.435
Pilgrim16,2019-08-24,2019,9.752989583,10.96642137,0.189416468,11.27358333,0.07293,893.8538512,30615.34797,13.2
Pilgrim16,2019-08-25,2019,9.494682292,10.74495742,0.189416468,12.16256771,0.07293,889.8541932,30377.0282,13.967
Pilgrim16,2019-08-26,2019,9.373494792,10.73663813,0.189416468,12.17656771,0.07293,885.7815918,30137.14719,13.235
Pilgrim16,2019-08-27,2019,9.202578125,10.63012644,0.189416468,12.61745313,0.07293,881.6363958,29893.92919,13.828
Pilgrim16,2019-08-28,2019,9.347421875,10.86827918,0.189416468,11.63760417,0.07293,877.4190106,29647.42233,12.47
Pilgrim16,2019-08-29,2019,9.525494792,10.96496212,0.189416468,11.25435938,0.07293,873.1298999,29397.6771,12.417
Pilgrim16,2019-08-30,2019,9.683526042,10.96439666,0.189416468,11.26731771,0.07293,868.7695865,29144.74638,12.884
Pilgrim16,2019-08-31,2019,9.76409375,10.97435801,0.189416468,11.22928125,0.07293,864.3386537,28888.93989,12.827
Pilgrim16,2019-09-01,2019,9.691166667,10.95239901,0.189416468,11.30980729,0.07293,859.8377464,28634.23485,12.337
Pilgrim16,2019-09-02,2019,9.670145833,10.93992008,0.189416468,11.35172396,0.07293,855.2675718,28382.82979,12.39
Pilgrim16,2019-09-03,2019,9.343901042,10.94980881,0.189416468,11.31313542,0.07293,850.6289008,28128.54159,12.32
Pilgrim16,2019-09-04,2019,9.726296875,11.06193988,0.189416468,10.8823125,0.07293,845.9911897,27871.43162,12.426
Pilgrim16,2019-09-05,2019,9.770604167,11.10715577,0.189416468,10.70973438,0.07293,841.2920093,27611.56367,11.9245
Pilgrim16,2019-09-06,2019,9.5663125,11.03538798,0.189416468,10.9675,0.07293,836.5280188,18635.70952,NA
Pilgrim1,2020-05-28,2020,9.189734568,10.2565144,NA,14.25861728,NA,989.9952218,33069.80379,16.0845
Pilgrim1,2020-05-29,2020,9.721984375,10.59926476,NA,12.7525,NA,991.3779204,37366.49949,14.385
Pilgrim1,2020-05-30,2020,10.08476563,10.85864228,NA,11.73670313,NA,992.6989994,37475.8597,14.264
Pilgrim1,2020-05-31,2020,9.740505208,10.47751348,NA,13.33569792,NA,993.958964,37580.58401,16.646
Pilgrim1,2020-06-01,2020,9.623067708,10.5797816,NA,12.82499479,NA,995.1583098,37680.67324,13.795
Pilgrim1,2020-06-02,2020,8.952614583,9.783815123,NA,16.47881771,NA,996.297522,37776.1286,19.285
Pilgrim1,2020-06-03,2020,8.910401042,9.698424917,NA,16.93509896,NA,997.3770737,37866.95161,20.707
Pilgrim1,2020-06-04,2020,9.046822917,9.800562809,0.389726063,16.42160938,1.205661899,998.3974252,37953.14409,20.0585
Pilgrim1,2020-06-05,2020,9.166052083,9.894769569,0.444724456,15.97348958,2.025687383,999.3590231,38034.70808,19.762
Pilgrim1,2020-06-06,2020,9.937234375,10.54795864,0.444781437,13.01192188,2.02693809,1000.262299,38111.64583,15.957
Pilgrim1,2020-06-07,2020,10.45010417,11.17034722,0.444836823,10.45345313,2.028188796,1001.107667,38183.95972,11.188
Pilgrim1,2020-06-08,2020,9.584395833,10.14926528,0.444890702,14.77820313,2.029439502,1001.895528,38251.65225,17.5985
Pilgrim1,2020-06-09,2020,9.10003125,9.71197561,0.444943155,16.83205208,2.030690208,1002.626262,38314.72598,19.745
Pilgrim1,2020-06-10,2020,9.136255208,10.39615166,0.533345397,13.61870833,2.782472396,1003.300231,38373.18352,14.731
Pilgrim1,2020-06-11,2020,9.437276042,10.51299971,0.401258217,13.17025,0.946652573,1003.933639,38427.02746,15.795
Pilgrim1,2020-06-12,2020,9.827151042,10.6688025,0.365685072,12.52455729,0.683911219,1004.534187,38476.26038,15.555
Pilgrim1,2020-06-13,2020,9.846854167,10.67613452,0.346490641,12.49638542,0.569704531,1005.079431,38520.88476,15.701
Pilgrim1,2020-06-14,2020,9.72615625,10.48481,0.334704247,13.31857813,0.505812938,1005.569589,38560.90302,17.028
Pilgrim1,2020-06-15,2020,9.588760417,10.18407559,0.337784395,14.57970833,0.522200031,1006.004855,38596.31745,16.6205
Pilgrim1,2020-06-16,2020,8.835489583,9.467988581,0.338540972,18.07904688,0.525756729,1006.385404,38627.13019,21.362
Pilgrim1,2020-06-17,2020,8.694380208,9.32354217,0.330821699,18.83710938,0.486207552,1006.711384,38653.34324,22.473
Pilgrim1,2020-06-18,2020,8.643572917,9.178678677,0.322592561,19.59518229,0.446333021,1006.982922,38674.95839,23.079
Pilgrim1,2020-06-19,2020,8.919859375,9.667812481,0.319546766,17.02316146,0.431948156,1007.200119,38692.8596,18.806
Pilgrim1,2020-06-20,2020,9.365052083,10.09299402,0.320621805,14.96753646,0.43689624,1007.363055,38706.135,16.11
Pilgrim1,2020-06-21,2020,8.929010417,9.635038596,0.325562318,17.20028646,0.461050448,1007.471783,38714.70975,20.5355
Pilgrim1,2020-06-22,2020,8.975885417,9.671559735,0.32262352,17.01565625,0.446583458,1007.526332,38718.58385,19.674
Pilgrim1,2020-06-23,2020,9.169953125,9.919523459,0.317892122,15.81222396,0.424429208,1007.526708,38717.7571,18.319
Pilgrim1,2020-06-24,2020,9.202854167,9.909551852,0.314974566,15.87010417,0.411354958,1007.472889,38712.2291,18.823
Pilgrim1,2020-06-25,2020,8.847848958,9.678793828,0.312689106,17.00746354,0.401265708,1007.364831,38701.99922,20.464
Pilgrim1,2020-06-26,2020,8.683401042,9.504578393,0.312787031,17.86041667,0.401678031,1007.202465,38687.06664,20.857
Pilgrim1,2020-06-27,2020,8.456041667,9.31127629,0.310399566,18.90959375,0.391350313,1006.985696,38667.43033,22.878
Pilgrim1,2020-06-28,2020,8.501401042,9.302515992,0.309236673,18.95313021,0.386384146,1006.714406,38643.08906,23.02
Pilgrim1,2020-06-29,2020,8.071177083,9.20182756,0.309658235,19.43798958,0.38816899,1006.388451,38614.04143,21.934
Pilgrim1,2020-06-30,2020,7.652192708,8.949729729,0.309533542,20.85671875,0.387658708,1006.007664,38580.28585,23.7895
Pilgrim1,2020-07-01,2020,7.762989583,8.847265334,0.307944781,21.47402083,0.380919375,1005.571854,38541.82058,25.434
Pilgrim1,2020-07-02,2020,7.623432292,8.78506261,0.30692953,21.84571875,0.376652115,1005.080807,38498.64373,25.855
Pilgrim1,2020-07-03,2020,7.529104167,8.806524715,0.306241106,21.72805729,0.373810656,1004.534284,38450.7533,25.897
Pilgrim1,2020-07-04,2020,7.744677083,8.85930731,0.305432484,21.41389063,0.370451177,1003.932026,38398.14719,25.5515
Pilgrim1,2020-07-05,2020,7.663625,8.914282614,0.311170911,21.05289063,0.396033135,1003.273749,38340.82323,24.057
Pilgrim1,2020-07-06,2020,8.171171875,9.319024427,0.375817238,18.74867188,0.776466208,1002.559151,38278.77919,20.5525
Pilgrim1,2020-07-07,2020,7.9913125,9.094464679,0.332343239,20.05918229,0.495922646,1001.787905,38212.83184,23.3375
Pilgrim1,2020-07-08,2020,9.310363636,9.398611402,0.32091272,18.35668182,0.438241,1000.959667,38142.5308,NA
Pilgrim1,2020-07-09,2020,NA,NA,NA,NA,NA,1000.074071,38067.62162,NA
Pilgrim1,2020-07-10,2020,NA,NA,NA,NA,NA,999.1307342,37988.10249,NA
Pilgrim1,2020-07-11,2020,NA,NA,NA,NA,NA,998.1292535,37903.97168,NA
Pilgrim1,2020-07-12,2020,NA,NA,NA,NA,NA,997.0692103,37815.22758,NA
Pilgrim1,2020-07-13,2020,NA,NA,NA,NA,NA,995.9501691,37723.53742,NA
Pilgrim1,2020-07-14,2020,NA,NA,NA,NA,NA,994.7716794,37628.06328,NA
Pilgrim1,2020-07-15,2020,NA,NA,NA,NA,NA,993.5332761,37528.04936,NA
Pilgrim1,2020-07-16,2020,NA,NA,NA,NA,NA,992.234481,37423.49359,NA
Pilgrim1,2020-07-17,2020,NA,NA,NA,NA,NA,990.8748041,37314.39423,NA
Pilgrim1,2020-07-18,2020,NA,NA,NA,NA,NA,989.4537441,37200.74992,NA
Pilgrim1,2020-07-19,2020,NA,NA,NA,NA,NA,987.9707902,37082.55973,NA
Pilgrim1,2020-07-20,2020,8.366711864,9.438304682,0.337251691,18.21230508,0.518971305,986.4254232,36959.82323,NA
Pilgrim1,2020-07-21,2020,9.042385417,10.0568519,0.477934936,15.12641667,2.303287406,984.8171166,36832.54052,15.671
Pilgrim1,2020-07-22,2020,8.845177083,9.957748966,0.446074086,15.59302083,1.403777583,983.1453385,36700.71233,16.599
Pilgrim1,2020-07-23,2020,8.7758125,9.713450744,0.365783803,16.82815625,0.686812875,981.4095523,36564.34002,19.588
Pilgrim1,2020-07-24,2020,8.7106875,9.425837352,0.342312188,18.29425,0.546328479,979.6092187,36423.42569,21.202
Pilgrim1,2020-07-25,2020,9.157239583,9.033302556,0.331806012,20.38054167,0.491139979,977.743797,36277.97223,22.613
Pilgrim1,2020-07-26,2020,10.14136458,9.025468852,0.327723896,20.48986458,0.470763792,975.8127465,36129.76179,22.797
Pilgrim1,2020-07-27,2020,11.084875,9.659175581,0.322470348,19.66664583,0.445617083,973.8155284,35979.64101,23.031
Pilgrim1,2020-07-28,2020,11.6125,10.02915519,0.319768209,19.16995833,0.433010094,971.7516072,35827.4841,22.287
Pilgrim1,2020-07-29,2020,11.00869792,10.22086227,0.317580144,18.57545833,0.423002292,969.6204521,35670.97785,21.962
Pilgrim1,2020-07-30,2020,10.21170833,10.33818806,0.315049246,18.4815,0.411644167,967.4215395,35510.12773,22.112
Pilgrim1,2020-07-31,2020,8.414140625,9.469106029,0.31264348,18.05407813,0.401037844,965.1543536,35344.94031,21.636
Pilgrim1,2020-08-01,2020,9.610958333,9.412341175,0.324147584,18.35753125,0.458853333,962.8183892,35175.4233,21.77
Pilgrim1,2020-08-02,2020,8.869927083,9.975254251,0.339390687,15.52070833,0.531241208,960.4131528,35001.58564,17.183
Pilgrim1,2020-08-03,2020,10.03546875,10.11559166,0.322348578,14.89122917,0.445162927,957.9381647,34823.43756,17.352
Pilgrim1,2020-08-04,2020,9.96725,10.13223523,0.317060598,14.837625,0.42065,955.3929608,34640.99063,18.145
Pilgrim1,2020-08-05,2020,9.654041667,9.935971725,0.314178489,15.78111458,0.407807125,952.7770944,34454.25784,19.597
Pilgrim1,2020-08-06,2020,9.252260417,9.707991195,0.312125805,16.85677083,0.398793354,950.0901382,34264.60211,20.174
Pilgrim1,2020-08-07,2020,9.3011875,9.529892631,0.313270641,17.73509375,0.404030552,947.3316859,34073.87949,20.475
Pilgrim1,2020-08-08,2020,8.24653125,9.51971498,0.333850234,17.75177083,0.5033435,944.5013546,33879.89906,19.931
Pilgrim1,2020-08-09,2020,9.239552083,9.395967643,0.745886388,18.39357292,32.01963758,941.5987863,33684.80756,20.057
Pilgrim1,2020-08-10,2020,9.117929514,9.29501675,0.755517456,18.93462049,26.18185754,938.6236499,33485.65649,20.4982
Pilgrim1,2020-08-11,2020,8.898277778,9.259250825,0.70649379,19.14165347,19.77344006,935.5756433,33282.46576,20.9894
Pilgrim1,2020-08-12,2020,8.678626042,9.222129482,0.645308657,19.34868646,13.36502259,932.4544952,33075.25706,21.4806
Pilgrim1,2020-08-13,2020,8.458974306,9.183392582,0.559728457,19.55571944,6.956605112,929.2599671,32864.05391,21.9718
Pilgrim1,2020-08-14,2020,8.239322569,9.142717851,0.339131153,19.76275243,0.548187636,925.991855,32648.88178,22.463
Pilgrim1,2020-08-15,2020,8.454333333,9.311252827,0.322378921,18.84676042,0.445145792,922.6499918,32430.23385,21.494
Pilgrim1,2020-08-16,2020,8.969697917,9.537457704,0.319810875,17.67915625,0.433196073,919.2342485,32212.56796,20.199
Pilgrim1,2020-08-17,2020,9.64771875,9.684617613,0.317449851,16.94522917,0.422408063,915.7445366,31991.1105,19.781
Pilgrim1,2020-08-18,2020,10.41207292,9.828135727,0.317101295,16.23742708,0.421334208,912.1808098,31765.89301,18.557
Pilgrim1,2020-08-19,2020,8.761302083,9.960319165,0.454796347,15.57850521,1.493932729,908.5430659,31536.94913,16.199
Pilgrim1,2020-08-20,2020,8.714385417,9.794268819,0.370065315,16.36939583,0.714637135,904.8313481,31307.90948,17.116
Pilgrim1,2020-08-21,2020,9.481489583,9.655797572,0.347083867,17.07034375,0.572532573,901.0457474,31075.79201,19.086
Pilgrim1,2020-08-22,2020,9.958572917,9.67906309,0.33642365,16.94067708,0.514696115,897.1864039,30840.08515,18.17
Pilgrim1,2020-08-23,2020,10.07554167,9.524387993,0.330668942,17.75403125,0.485320292,893.2535086,30600.83035,20.065
Pilgrim1,2020-08-24,2020,8.879052083,9.537319759,0.328167878,17.65885417,0.472903615,889.2473049,30363.20419,19.781
Pilgrim1,2020-08-25,2020,9.11134375,9.617995694,0.325661823,17.26021875,0.460764521,885.1680899,30123.027,19.546
Pilgrim1,2020-08-26,2020,8.302104167,9.682240272,0.335580965,16.92271875,0.510268104,881.0162165,29879.50984,18.145
Pilgrim1,2020-08-27,2020,9.434916667,9.502855824,0.327942408,17.84880208,0.471956156,876.7920942,29632.701,20.333
Pilgrim1,2020-08-28,2020,8.610864583,9.958252141,0.41333676,15.58584375,1.100264719,872.4961906,29382.65111,16.259
Pilgrim1,2020-08-29,2020,9.123375,10.03846804,0.374625474,15.22335417,0.751873792,868.1290327,29129.41322,16.65
Pilgrim1,2020-08-30,2020,10.77984375,10.22439113,0.342130853,14.39805208,0.545198604,863.691208,28873.0428,16.921
Pilgrim1,2020-08-31,2020,10.25030208,10.53449887,0.393101192,13.0130625,0.901028792,859.1833657,28617.85054,14.018
Pilgrim1,2020-09-01,2020,10.51767708,10.39415354,0.35519825,13.63103125,0.620844479,854.6163808,28366.13959,14.83
Pilgrim1,2020-09-02,2020,11.1466875,10.16841801,0.337913061,14.64633333,0.52256451,850.0424067,28111.5437,16.887
Pilgrim1,2020-09-03,2020,10.92459375,10.31013667,0.342844519,13.99740625,0.548855031,845.4018867,27854.12439,15.611
Pilgrim1,2020-09-04,2020,11.1967526,10.44644355,0.338991258,13.38521159,0.528163837,840.6956442,27593.94562,15.2366875
Pilgrim1,2020-09-05,2020,11.06407822,10.50458695,0.337282271,13.12451674,0.519131745,835.9245659,27331.07376,14.91225
Pilgrim1,2020-09-06,2020,10.93140383,10.56351783,0.335530439,12.86382189,0.510099653,831.0896022,27065.5776,14.614375
Pilgrim1,2020-09-07,2020,10.79872945,10.62370482,0.333734403,12.60312705,0.50106756,826.1917676,26797.52836,14.3165
Pilgrim1,2020-09-08,2020,10.66605506,10.68567815,0.331892622,12.3424322,0.492035468,821.2321413,26532.67423,14.018625
Pilgrim1,2020-09-09,2020,10.53338067,10.75005517,0.330003369,12.08173735,0.483003376,816.2118669,26266.48496,13.743625
Pilgrim1,2020-09-10,2020,10.40070629,10.81757499,0.328064713,11.8210425,0.473971284,811.1321533,25997.99894,13.5015
Pilgrim1,2020-09-11,2020,10.2680319,10.88914715,0.326074501,11.56034766,0.464939191,805.9942739,25729.90672,13.265
Pilgrim1,2020-09-12,2020,9.906786458,10.89199212,0.382731271,11.53598438,0.815204531,800.7995671,25461.46892,11.727
Pilgrim1,2020-09-13,2020,9.886401042,10.6736395,0.363774839,12.45579167,0.678583698,795.5494357,25190.98366,14.384
Pilgrim1,2020-09-14,2020,10.84302604,10.88042275,0.336562644,11.59409375,0.515438531,790.2453465,24918.53446,12.994
Pilgrim1,2020-09-15,2020,10.50021354,10.43238822,0.329681755,13.46885938,0.480429344,784.8888302,24648.78228,14.924
Pilgrim1,2020-09-16,2020,10.95552083,10.59547046,0.326251851,12.92339063,0.463580521,779.4814802,24379.52767,15.079
Pilgrim1,2020-09-17,2020,11.75997292,11.24411279,0.32341781,10.23070833,0.45001099,774.0249525,24108.57943,12.853
Pilgrim1,2020-09-18,2020,10.95721875,11.59410399,0.321636268,8.902567708,0.441620823,768.5209641,23836.02595,11.037
Pilgrim1,2020-09-19,2020,10.73552083,11.47263892,0.321592203,9.326947917,0.441413656,762.9712927,23561.95758,10.226
Pilgrim1,2020-09-20,2020,10.4500625,11.03549041,0.319982757,10.98927604,0.433955479,757.3777754,23286.46654,12.385
Pilgrim1,2020-09-21,2020,9.693979167,10.51318127,0.31856008,13.12568229,0.427421167,751.742307,23009.64689,14.8765
Pilgrim1,2020-09-22,2020,9.377052083,10.43296166,0.317981743,13.48976563,0.424788896,746.0668393,22737.85879,16.081
Pilgrim1,2020-09-23,2020,9.482385417,10.54275714,0.317526363,13.00302083,0.422721188,740.3533793,22470.01489,15.105
Pilgrim1,2020-09-24,2020,9.839807292,10.60277445,0.318575703,12.72527604,0.427504271,734.6039877,22201.12824,13.576
Pilgrim1,2020-09-25,2020,9.492973958,10.29426604,0.430628994,14.06876563,1.586606135,728.8207772,21931.29557,15.5675
Pilgrim1,2020-09-26,2020,9.092609375,10.40079707,0.423854965,13.58565625,1.147506969,723.0059109,21660.6151,14.085
Pilgrim1,2020-09-27,2020,9.232854167,10.42516803,0.389350095,13.48672917,0.857153323,717.1616,21389.18645,14.631
Pilgrim1,2020-09-28,2020,9.762109375,10.67134779,0.3540616,12.43982813,0.61260426,711.2901022,21117.11053,13.362
Pilgrim1,2020-09-29,2020,10.20689063,10.91006689,0.349048444,11.47167708,0.583305052,705.3937198,20846.6791,12.314
Pilgrim1,2020-09-30,2020,10.39628646,11.08160257,0.353088779,10.79295833,0.60659649,699.4747969,20580.30271,11.647
Pilgrim1,2020-10-01,2020,10.33552083,11.47547537,0.356143797,9.319802083,0.624693969,693.5357178,20313.55275,10.385
Pilgrim1,2020-10-02,2020,11.12222396,11.82552483,0.36392107,8.069796875,0.672525031,687.5789044,20046.53124,9.345
Pilgrim1,2020-10-03,2020,11.28748438,12.07295557,0.358764551,7.225765625,0.640585365,681.606814,19783.02426,8.118
Pilgrim1,2020-10-04,2020,11.25538021,12.16158177,0.347202916,6.93059375,0.572992531,675.6219366,19520.36394,7.996
Pilgrim1,2020-10-05,2020,10.28204688,11.60740108,0.344798669,8.852473958,0.559647177,669.6267929,19257.7478,9.8835
Pilgrim1,2020-10-06,2020,9.695489583,11.33030898,0.353318729,9.850020833,0.608612781,663.6239313,18995.28022,10.857
Pilgrim1,2020-10-07,2020,9.986041667,11.39636766,0.346976523,9.604338542,0.572851781,657.6159255,18738.96736,10.7075
Pilgrim1,2020-10-08,2020,10.78367708,11.58208896,0.338784856,8.933036458,0.527860604,651.6053723,18483.45373,10.467
Pilgrim1,2020-10-09,2020,10.380375,11.25074227,0.370890498,10.16044271,0.719833417,645.5948881,18228.34585,11.118
Pilgrim1,2020-10-10,2020,11.18848438,11.5016802,0.343299977,9.230401042,0.551499656,639.5871073,17973.74672,10.612
Pilgrim1,2020-10-11,2020,11.3104375,11.66527249,0.337656341,8.633552083,0.521920677,633.5846787,17719.75948,9.7
Pilgrim1,2020-10-12,2020,9.761208333,11.49408765,0.621933857,9.247739583,4.970375625,627.5902637,17466.4874,10.1805
Pilgrim1,2020-10-13,2020,8.913552083,11.73691957,0.429077097,8.379302083,1.189791271,621.6065329,17215.69222,9.424
Pilgrim1,2020-10-14,2020,8.419359375,12.02407888,0.476884905,7.383677083,1.742318417,615.6361639,16969.78735,7.702
Pilgrim1,2020-10-15,2020,10.63638542,12.41663844,0.494274507,6.106869792,1.952861771,609.6818385,16729.85551,7.206
Pilgrim1,2020-10-16,2020,11.60128646,12.82683019,0.43290044,4.830979167,1.21434875,603.7462403,16490.97248,5.287
Pilgrim1,2020-10-17,2020,11.75188021,13.07125187,0.42585985,4.105604167,1.150291771,597.8320516,16253.23714,4.3265
Pilgrim1,2020-10-18,2020,11.80635417,12.95599638,0.424945731,4.448098958,1.14046101,591.9419516,16016.74801,5.168
Pilgrim1,2020-10-19,2020,12.10766071,13.13724596,0.399797348,3.914089286,0.925915446,586.0847842,15781.60311,4.104
Silver,2020-07-20,2020,8.605230769,9.477051518,0.425845233,17.96392308,1.149045067,867.4836974,10289.82592,NA
Silver,2020-07-21,2020,9.062697917,9.716384073,0.401198399,16.74884375,0.937050765,987.3697718,36857.47392,17.223
Silver,2020-07-22,2020,9.09075,9.774528926,0.408480487,16.46422917,0.995837663,985.7160237,36726.56304,16.969
Silver,2020-07-23,2020,9.043458333,9.584193004,0.392702653,17.45475,0.871686106,983.998683,36591.13309,19.569
Silver,2020-07-24,2020,8.659135417,9.187276359,0.373614337,19.54873958,0.735676881,982.2172002,36451.66967,21.684
Silver,2020-07-25,2020,8.159302083,8.689187422,0.373288295,22.35170833,0.734497013,980.3710239,36310.34977,24.342
Silver,2020-07-26,2020,7.999104167,8.707094217,0.380705692,22.22040625,0.783726984,978.4596029,36164.63418,23.288
Silver,2020-07-27,2020,8.195229167,8.843784631,0.372890291,21.43432292,0.731370364,976.4823876,36016.10997,23.681
Silver,2020-07-28,2020,8.37846875,9.029551006,0.357270201,20.36816667,0.631996024,974.4388314,35864.98928,22.21
Silver,2020-07-29,2020,8.532723958,9.169437029,0.341596724,19.60066667,0.542090121,972.3283928,35709.54117,21.801
Silver,2020-07-30,2020,8.589916667,9.230933264,0.332337243,19.28144792,0.493715554,970.1505366,35549.77069,21.851
Silver,2020-07-31,2020,8.620458333,9.222752657,0.32390578,19.33310417,0.452361198,967.904736,35385.68397,22.06
Silver,2020-08-01,2020,8.614802083,9.144367939,0.32182412,19.75761458,0.443246722,965.5904742,35217.28829,22.252
Silver,2020-08-02,2020,8.896510417,9.531092299,0.382454096,17.6973125,0.802604864,963.2072463,35044.59217,19.352
Silver,2020-08-03,2020,9.6106875,9.939868013,0.361831189,15.68963542,0.660843785,960.754561,34867.60537,17.527
Silver,2020-08-04,2020,9.898354167,10.10140229,0.344201882,14.94128125,0.556248531,958.2319424,34686.33903,16.689
Silver,2020-08-05,2020,9.716557292,9.834794118,0.335465365,16.20603125,0.509702758,955.6389322,34502.53781,18.773
Silver,2020-08-06,2020,9.29071875,9.512759316,0.323556638,17.81763542,0.450797874,952.975091,34317.17197,20.456
Silver,2020-08-07,2020,9.425213542,9.204664259,0.317053304,19.16402083,0.421006219,950.240001,34127.67342,21.358
Silver,2020-08-08,2020,8.601822917,9.130997723,0.397256399,19.79532292,0.926166488,947.4332671,33934.96054,21.158
Silver,2020-08-09,2020,8.433625,8.965004263,0.429236632,20.73661458,1.26576185,944.5545194,33741.10321,22.268
Silver,2020-08-10,2020,8.489989583,9.183506242,0.474141331,19.51327083,1.672078719,941.603415,33543.20201,20.849
Silver,2020-08-11,2020,8.574552083,9.313559334,0.408587222,18.84092708,1.001412537,938.5796396,33341.27635,20.548
Silver,2020-08-12,2020,8.23075,9.166927139,0.383325981,19.61507292,0.804699129,935.4829101,33135.34741,20.916
Silver,2020-08-13,2020,8.028697917,8.988018485,0.367331256,20.59513542,0.694470008,932.312976,32925.43825,21.968
Silver,2020-08-14,2020,7.533291667,8.856397762,0.346309869,21.35970833,0.56846016,929.0696214,32711.57382,23.263
Silver,2020-08-15,2020,7.780333333,8.970851231,0.332808206,20.6953125,0.496104785,925.7526672,32498.73269,22.277
Silver,2020-08-16,2020,7.913395833,9.257666074,0.325039156,19.11847917,0.457788589,922.3619726,32282.38674,21.033
Silver,2020-08-17,2020,7.711302083,9.447333641,0.317939708,18.12494792,0.424663809,918.8974375,32062.26119,20.097
Silver,2020-08-18,2020,8.374010417,9.550525127,0.311461474,17.59925,0.396258499,915.3590036,31838.38707,19.603
Silver,2020-08-19,2020,8.8124375,9.600732096,0.414137555,17.32313542,1.07111321,911.7466572,31610.79752,18.067
Silver,2020-08-20,2020,8.741864583,9.560559265,0.39415009,17.52215625,0.883278304,908.0604301,31382.52323,17.729
Silver,2020-08-21,2020,8.690083333,9.336708682,0.386635756,18.69380208,0.826821645,904.3004017,31151.75025,19.879
Silver,2020-08-22,2020,8.682614583,9.331378194,0.377638566,18.70764583,0.762636853,900.4667009,30917.39687,19.184
Silver,2020-08-23,2020,8.317020833,9.170049336,0.365396095,19.59036458,0.681786433,896.5595075,30682.81793,21.016
Silver,2020-08-24,2020,8.12121875,9.247179955,0.36445697,19.16011458,0.675857598,892.5790537,30447.38105,20.071
Silver,2020-08-25,2020,8.185989583,9.352325249,0.389539834,18.60972917,1.131846889,888.5256261,30208.56552,20.08
Silver,2020-08-26,2020,8.67340625,9.48192704,0.679674026,17.9280625,5.70406941,884.3995666,29966.41677,18.479
Silver,2020-08-27,2020,8.62609375,9.267105827,0.577303407,19.06038542,3.278202845,880.2012742,29720.98257,20.489
Silver,2020-08-28,2020,9.086364583,9.681929964,0.812277746,16.91765625,12.49370541,875.9312061,29472.31306,17.645
Silver,2020-08-29,2020,9.476458333,9.913528919,0.760876169,15.798625,8.501240277,871.5898793,29220.46078,16.196
Silver,2020-08-30,2020,9.545946429,10.10702277,0.633279302,14.90869643,4.433155472,867.2148588,28816.22086,16.272
Silver,2020-08-31,2020,9.450692308,10.20209184,0.56191791,14.46771795,2.947420557,722.7247616,6944.864804,NA
Silver,2020-09-01,2020,9.533447917,10.25368352,0.526248513,14.23847917,2.363422078,858.3222009,28463.8489,15.015
Silver,2020-09-02,2020,9.238458333,10.05728537,0.482482892,15.138125,1.757943576,853.7745023,28210.60283,16.502
Silver,2020-09-03,2020,9.382182292,10.21425449,0.454404055,14.41292708,1.43129726,849.1602051,27954.5357,15.032
Silver,2020-09-04,2020,9.70028125,10.40653117,0.429467296,13.56890625,1.182315721,844.4801234,27695.711,14.627
Silver,2020-09-05,2020,9.70415625,10.38490851,0.406641688,13.67297917,0.98117781,839.7351345,27434.19463,15.075
Silver,2020-09-06,2020,9.43340625,10.22075084,0.389427541,14.40160417,0.846790902,834.92618,27170.05496,15.478
Silver,2020-09-07,2020,9.57034375,10.31213721,0.376256138,13.97916667,0.753079926,830.0542657,26905.73471,14.929
Silver,2020-09-08,2020,10.26342708,10.9072059,0.368500895,11.47748958,0.70149022,825.1204621,26643.25563,12.25
Silver,2020-09-09,2020,10.56017708,11.17907733,0.366631871,10.41488542,0.689455571,820.125905,26378.40425,10.846
Silver,2020-09-10,2020,10.61773958,11.1561252,0.367129217,10.518,0.692611717,815.0717951,26111.25513,11.984
Silver,2020-09-11,2020,10.41317708,10.98817597,0.361541368,11.18013542,0.657451666,809.9593983,25842.56746,12.524
Silver,2020-09-12,2020,9.903770833,10.69022898,0.419615852,12.35746875,1.164588212,804.7900456,25575.42783,12.63
Silver,2020-09-13,2020,9.893010417,10.49154713,0.545948202,13.20610417,2.677650289,799.5651329,25306.23851,14.567
Silver,2020-09-14,2020,10.34448958,10.78648087,0.496686793,11.96910417,1.944215157,794.2861201,25035.81777,12.709
Silver,2020-09-15,2020,9.769739583,10.25586074,0.446556556,14.24660417,1.352452614,788.9545314,24769.61356,15.375
Silver,2020-09-16,2020,9.96890625,10.23773626,0.417572044,14.33544792,1.074092375,783.5719543,24501.62577,15.375
Silver,2020-09-17,2020,10.30276042,10.90829076,0.394489153,11.4825625,0.885048106,778.1400385,24231.94045,12.559
Silver,2020-09-18,2020,10.921125,11.48439864,0.378523025,9.28078125,0.76862468,772.6604959,23960.64566,10.384
Silver,2020-09-19,2020,10.85263542,11.31705356,0.368343036,9.906635417,0.700487332,767.1350986,23687.83138,10.71
Silver,2020-09-20,2020,10.39922917,10.79951182,0.359406477,11.92469792,0.644473123,761.5656787,23413.58953,12.964
Silver,2020-09-21,2020,9.981958333,10.44336349,0.351793927,13.41277083,0.599077721,755.9541264,23138.01383,14.48
Silver,2020-09-22,2020,9.73334375,10.24839526,0.350049723,14.26629167,0.588989854,750.302389,22867.43964,15.709
Silver,2020-09-23,2020,9.565776042,10.31497086,0.347399775,13.97373438,0.573946544,744.6124694,22600.77265,15.324
Silver,2020-09-24,2020,9.50315625,10.20557263,0.346761926,14.44984375,0.570406941,738.8864245,22333.05678,15.272
Silver,2020-09-25,2020,9.322291667,10.08996322,0.358605279,14.98121875,0.642349362,733.1263634,22064.38851,15.983
Silver,2020-09-26,2020,9.180604167,10.10126261,0.428491738,14.92122917,1.2092167,727.3344457,21794.8658,15.367
Silver,2020-09-27,2020,9.316177083,10.16778981,0.495350429,14.62136458,1.923655966,721.5128798,21524.588,15.341
Silver,2020-09-28,2020,9.596958333,10.46775045,0.458420153,13.29707292,1.477105615,715.6639205,21253.65579,13.778
Silver,2020-09-29,2020,9.763208333,10.69699742,0.450247574,12.33126042,1.388851526,709.7898675,20986.50411,12.877
Silver,2020-09-30,2020,10.03888542,10.978559,0.480686658,11.19219792,1.737443378,703.8930627,20721.23417,11.538
Silver,2020-10-01,2020,10.56105208,11.30156316,0.506523515,9.956208333,2.069989032,697.9758884,20455.58269,10.665
Silver,2020-10-02,2020,11.0668125,11.76868129,0.500231166,8.260916667,1.983888201,692.0407645,20189.65145,8.783
Silver,2020-10-03,2020,11.30365625,12.00311897,0.490887003,7.455666667,1.860385571,686.0901468,19923.99589,7.985
Silver,2020-10-04,2020,11.37345833,12.10129581,0.482765456,7.12734375,1.758739986,680.1265241,19662.37824,7.815
Silver,2020-10-05,2020,10.91389583,11.75104,0.456197298,8.348572917,1.451310762,674.1524156,19400.79639,9.579
Silver,2020-10-06,2020,10.40204167,11.33896437,0.43949896,9.8153125,1.277295055,668.170369,19140.55544,10.411
Silver,2020-10-07,2020,10.43191667,11.2863798,0.450303451,10.006875,1.388350083,662.1829572,18885.73287,10.502
Silver,2020-10-08,2020,10.66877083,11.47828559,0.434735483,9.297947917,1.230926262,656.1927762,18631.2044,9.983
Silver,2020-10-09,2020,10.21288542,11.15675059,0.431924091,10.52665625,1.20396629,650.2024422,18377.0726,11.725
Silver,2020-10-10,2020,10.27853125,11.22578151,0.423479633,10.24815625,1.126006545,644.2145892,18123.44031,11.188
Silver,2020-10-11,2020,10.84164583,11.72056887,0.411496075,8.43725,1.021190066,638.2318661,17870.41055,9.247
Silver,2020-10-12,2020,9.799020833,11.39494803,0.602158776,9.608427083,4.27215272,632.256934,17618.08649,10.311
Silver,2020-10-13,2020,8.54409375,11.77567233,0.634046767,8.236708333,4.473467612,626.292464,17366.5713,8.885
Silver,2020-10-14,2020,8.259166667,12.07852518,0.593183059,7.20025,3.544321958,620.3411338,17120.67697,7.397
Silver,2020-10-15,2020,8.524739583,12.31962174,0.596341105,6.41715625,3.608182287,614.43603,16881.61541,7.292
Silver,2020-10-16,2020,8.822385417,12.85300976,0.559609462,4.752958333,2.910084186,608.55832,16643.59321,5.316
Silver,2020-10-17,2020,9.116270833,13.10467769,0.546102456,4.009322917,2.677915759,602.699311,16406.70917,4.335
Silver,2020-10-18,2020,8.8145,13.02869992,0.559095547,4.2309375,2.897253127,596.8616373,16171.06171,4.617
Silver,2020-10-19,2020,9.161214286,13.30733917,0.539498495,3.427875,2.565346568,591.0479305,15936.74882,3.623
Tobacco,2020-07-29,2020,6.142389831,8.851848184,0.294400557,21.36576271,0.326856475,928.7488826,13380.74951,22.078
Tobacco,2020-07-30,2020,6.030322917,8.890367694,0.293436612,21.14985417,0.32324926,966.1865913,35491.52739,22.487
Tobacco,2020-07-31,2020,5.617614583,8.871627586,0.292464121,21.25821875,0.319608552,963.9088938,35325.82643,22.445
Tobacco,2020-08-01,2020,5.368989583,8.844152364,0.301529208,21.41896875,0.357562479,961.5620322,35155.77983,22.37
Tobacco,2020-08-02,2020,5.966197917,9.117200271,0.312808234,19.87002083,0.40227125,959.1455162,34981.39666,20.908
Tobacco,2020-08-03,2020,7.201020833,9.466164108,0.299725125,18.00773958,0.347504188,956.6588697,34802.68729,18.841
Tobacco,2020-08-04,2020,7.39534375,9.621220233,0.295668859,17.22279167,0.331681417,954.1016324,34619.66347,18.168
Tobacco,2020-08-05,2020,7.151864583,9.537267717,0.293414643,17.65157292,0.323170625,951.4733619,34432.33837,18.689
Tobacco,2020-08-06,2020,6.973354167,9.371626342,0.291818607,18.50930208,0.317217958,948.7736355,34245.07607,19.495
Tobacco,2020-08-07,2020,6.656322917,9.153708869,0.292836604,19.68152083,0.321143938,946.0020519,34053.74252,20.716
Tobacco,2020-08-08,2020,6.32053125,9.022457143,0.308715088,20.39358333,0.385225635,943.1582335,33858.26001,21.218
Tobacco,2020-08-09,2020,6.494510417,8.877155038,0.413190752,21.22398958,1.842455781,940.241828,33658.64659,22.036
Tobacco,2020-08-10,2020,7.228,9.222727964,0.400118955,19.29186458,0.969266125,937.2525103,33458.44234,20.616
Tobacco,2020-08-11,2020,7.499927083,9.286464115,0.334417563,18.95610417,0.505881938,934.1899848,33254.58481,19.98
Tobacco,2020-08-12,2020,7.493375,9.172911264,0.315411185,19.55865625,0.413512156,931.0539868,33046.69561,20.014
Tobacco,2020-08-13,2020,7.277697917,9.012372654,0.307379215,20.44735417,0.378583948,927.8442851,32834.79857,20.908
Tobacco,2020-08-14,2020,6.942375,8.813325107,0.302437729,21.59235417,0.35828199,924.5606831,32618.91939,22.579
Tobacco,2020-08-15,2020,6.5140625,8.789261979,0.299819232,21.73363542,0.347790396,921.2030215,32402.85694,22.738
Tobacco,2020-08-16,2020,6.45709375,8.936040843,0.297816536,20.88313542,0.33995001,917.7711795,32184.4706,21.927
Tobacco,2020-08-17,2020,6.465583333,9.034016595,0.295973015,20.32778125,0.33284226,914.2650773,31962.28044,21.142
Tobacco,2020-08-18,2020,6.341885417,9.155426619,0.296061302,19.65573958,0.333632594,910.6846773,31736.31831,20.499
Tobacco,2020-08-19,2020,6.09559375,9.261218433,0.40026357,19.08092708,0.955636552,907.0299864,31506.61819,19.62
Tobacco,2020-08-20,2020,6.114947917,9.347145001,0.336230822,18.623375,0.515045594,903.3010577,31273.2162,18.841
Tobacco,2020-08-21,2020,6.696927083,9.328234665,0.318870107,18.72688542,0.42901674,899.4979919,31038.82956,19.428
Tobacco,2020-08-22,2020,6.533520833,9.252968691,0.310691316,19.12605208,0.392621198,895.6209394,30802.33874,19.579
Tobacco,2020-08-23,2020,6.1153125,9.067991056,0.306255173,20.14532292,0.373857156,891.6701015,30565.04229,21.034
Tobacco,2020-08-24,2020,5.499885417,8.949278161,0.304336504,20.80640625,0.365927031,887.6457325,30327.45955,21.644
Tobacco,2020-08-25,2020,5.192604167,8.932863815,0.30242201,20.89978125,0.358176104,883.5481408,30086.48177,21.71
Tobacco,2020-08-26,2020,5.109177083,8.944105976,0.310122032,20.835125,0.390149167,879.3776905,29842.15529,21.418
Tobacco,2020-08-27,2020,4.920979167,8.875687587,0.304101455,21.22740625,0.365049188,875.1348028,29594.52878,21.978
Tobacco,2020-08-28,2020,4.572166667,9.153111336,0.369637776,19.66692708,0.73887351,870.8483508,29343.65333,20.474
Tobacco,2020-08-29,2020,5.32878125,9.379150014,0.339422495,18.45805208,0.535143469,866.5286033,29089.58243,19.017
Tobacco,2020-08-30,2020,5.9584375,9.523505832,0.315064177,17.71425,0.411836052,862.139466,28832.37199,18.58
Tobacco,2020-08-31,2020,5.86996875,9.745439201,0.354174145,16.60503125,0.625986135,857.6815297,28577.15248,17.13
Tobacco,2020-09-01,2020,7.00265625,9.971629794,0.324955027,15.52235417,0.458249865,853.1554459,28322.68067,16.034
Tobacco,2020-09-02,2020,7.362385417,9.92596891,0.311878289,15.7490625,0.397786208,848.5619267,28067.24637,16.579
Tobacco,2020-09-03,2020,7.113114583,9.904380466,0.315689552,15.84139583,0.414513063,843.9017462,27808.98367,16.536
Tobacco,2020-09-04,2020,7.070916667,9.94659708,0.306955746,15.64500521,0.376851594,839.1757412,27547.95702,16.545
Tobacco,2020-09-05,2020,7.33040625,10.00658767,0.302455295,15.36636458,0.358297594,834.3848117,27284.23326,16.341
Tobacco,2020-09-06,2020,7.19840625,10.10021901,0.302131278,14.92825,0.35697401,829.5299216,27017.8817,15.461
Tobacco,2020-09-07,2020,7.322385417,10.18736315,0.299875148,14.53032292,0.347999646,824.6120993,26752.03019,14.955
Tobacco,2020-09-08,2020,7.486125,10.44042226,0.299360429,13.41326042,0.345958052,819.6324374,26487.36262,13.969
Tobacco,2020-09-09,2020,7.608885417,10.69677267,0.299907718,12.33109375,0.348110917,814.5920937,26220.32111,12.78
Tobacco,2020-09-10,2020,7.92634375,10.78011184,0.299292674,11.9918125,0.345698271,809.492291,25950.98117,12.798
Tobacco,2020-09-11,2020,8.020885417,10.74614619,0.299024996,12.13203125,0.344705198,804.3343166,25679.4206,12.93
Tobacco,2020-09-12,2020,7.75921875,10.65512256,0.345911737,12.50198958,0.57422175,799.119523,25407.98376,12.684
Tobacco,2020-09-13,2020,8.276,10.51524236,0.331851163,13.0968125,0.494910427,793.8493271,25136.6549,13.908
Tobacco,2020-09-14,2020,8.626729167,10.58273134,0.310881618,12.80751042,0.393453354,788.5252099,24865.39739,13.482
Tobacco,2020-09-15,2020,8.768520833,10.47722404,0.305569602,13.26005208,0.371029052,783.1487158,24597.09109,13.856
Tobacco,2020-09-16,2020,8.510848958,10.31849187,0.302880974,13.96088542,0.360010323,777.7214526,24327.00622,14.662
Tobacco,2020-09-17,2020,8.01153125,10.50227079,0.300491229,13.1524375,0.350427063,772.24509,24055.22968,14.004
Tobacco,2020-09-18,2020,8.10815625,10.79737647,0.299257956,11.92207292,0.345556406,766.7213591,23781.85035,12.789
Tobacco,2020-09-19,2020,8.2406875,11.08578086,0.299223647,10.77165625,0.3454205,761.1520513,23506.95908,11.198
Tobacco,2020-09-20,2020,8.596020833,11.11559604,0.297984928,10.6575625,0.340587323,755.5390173,23230.64858,10.983
Tobacco,2020-09-21,2020,8.620229167,10.80336212,0.296874472,11.90025,0.336285594,749.8841656,22954.32016,12.454
Tobacco,2020-09-22,2020,8.158114583,10.55568857,0.29638874,12.92614583,0.334418469,744.1894612,22682.32131,13.734
Tobacco,2020-09-23,2020,7.705375,10.43770776,0.296050082,13.43088542,0.333118875,738.4569245,22411.79899,14.091
Tobacco,2020-09-24,2020,7.37134375,10.31216711,0.296869511,13.97353646,0.336273026,732.6886291,22142.13573,14.5425
Tobacco,2020-09-25,2020,6.97640625,10.10821597,0.380056098,14.8925,0.958788219,726.8867007,21871.53229,15.384
Tobacco,2020-09-26,2020,6.799802083,10.10479522,0.377073379,14.90405208,0.76724901,721.0533147,21600.08734,15.092
Tobacco,2020-09-27,2020,7.084572917,10.08995355,0.351306496,14.97410417,0.601786677,715.1906949,21327.90093,15.607
Tobacco,2020-09-28,2020,7.373645833,10.19952016,0.324375668,14.47490625,0.454724719,709.3011111,21055.23037,14.791
Tobacco,2020-09-29,2020,7.47328125,10.40042234,0.320506656,13.58709375,0.436384073,703.3868772,20788.59362,13.935
Tobacco,2020-09-30,2020,7.677052083,10.63377657,0.323648974,12.59221875,0.45110874,697.450349,20521.4901,12.912
Tobacco,2020-10-01,2020,8.570979167,10.94163603,0.325907346,11.34096875,0.46193999,691.493922,20254.02122,11.993
Tobacco,2020-10-02,2020,9.180947917,11.39945818,0.331890877,9.587739583,0.491530021,685.520029,19986.28939,10.367
Tobacco,2020-10-03,2020,9.61715625,11.69560246,0.327996071,8.514885417,0.472147677,679.5311378,19718.39792,8.776
Tobacco,2020-10-04,2020,9.769604167,11.81896021,0.319115251,8.083604167,0.430033021,673.5297489,19454.55094,8.449
Tobacco,2020-10-05,2020,9.891416667,11.79349199,0.317195859,8.174989583,0.421320646,667.5183927,19191.26996,8.571
Tobacco,2020-10-06,2020,9.49325,11.49573851,0.323715603,9.234614583,0.451778021,661.499627,18932.49428,9.682
Tobacco,2020-10-07,2020,9.044291667,11.3264652,0.318911886,9.856489583,0.429691771,655.476035,18676.0401,10.267
Tobacco,2020-10-08,2020,9.07528125,11.33501811,0.312503106,9.825197917,0.400863646,649.4502219,18419.89961,10.404
Tobacco,2020-10-09,2020,9.0236875,11.23152947,0.337063329,10.21666667,0.51940499,643.4248127,18164.17583,10.802
Tobacco,2020-10-10,2020,8.762875,11.28621634,0.315888251,10.007875,0.415477281,637.4024497,17908.97201,10.34
Tobacco,2020-10-11,2020,8.813052083,11.33370124,0.312448568,9.830645833,0.401151135,631.3857893,17654.39162,10.349
Tobacco,2020-10-12,2020,8.689145833,11.41788814,0.519439521,9.519291667,2.553174865,625.4028242,17400.5382,10.012
Tobacco,2020-10-13,2020,9.523791667,11.81739641,0.379852026,8.089333333,0.783354542,619.4515352,17147.51529,8.636
Tobacco,2020-10-14,2020,9.810177083,12.10522236,0.417915782,7.112322917,1.100880271,613.5116609,16903.83642,7.667
Tobacco,2020-10-15,2020,9.98240625,12.26381081,0.427435096,6.59215625,1.18298874,607.5858343,16663.38289,6.989
Tobacco,2020-10-16,2020,10.503625,12.69462472,0.38343463,5.230604167,0.803530375,601.6766926,16423.99066,5.599
Tobacco,2020-10-17,2020,10.83763542,13.00536793,0.378894843,4.2981875,0.772416396,595.7868752,16185.75882,4.775
Tobacco,2020-10-18,2020,10.88464583,12.96277908,0.377474073,4.42396875,0.761957104,589.9190207,15948.78607,4.655
Tobacco,2020-10-19,2020,11.08532143,13.1344185,0.358745252,3.922089286,0.640415071,584.0757647,15713.1706,4.211
Traprock,2020-06-11,2020,NA,NA,0.504322045,NA,2.044268457,873.8779352,10507.27783,NA
Traprock,2020-06-12,2020,9.202941667,10.66174645,0.467393767,12.484225,1.578161266,1003.532083,38471.43374,NA
Traprock,2020-06-13,2020,9.273322917,10.75029148,0.435546062,12.13693229,1.240424195,1004.041715,38516.22864,13.992
Traprock,2020-06-14,2020,9.163776042,10.65478452,0.414184403,12.54348438,1.045008641,1004.530999,38556.40422,14.701
Traprock,2020-06-15,2020,8.956088542,10.4669185,0.393020683,13.34483333,0.873544397,1004.969689,38591.96268,15.285
Traprock,2020-06-16,2020,8.412703125,9.925748599,0.380662021,15.80996354,0.783550004,1005.353402,38622.90606,18.149
Traprock,2020-06-17,2020,8.145953125,9.713122268,0.369952552,16.82289583,0.710958656,1005.682284,38649.23628,19.086
Traprock,2020-06-18,2020,8.052802083,9.627712484,0.362375304,17.24676563,0.662643083,1005.956458,38670.97045,19.396
Traprock,2020-06-19,2020,8.218291667,9.838236409,0.357856987,16.16204688,0.6348867,1006.176024,38689.03552,17.107
Traprock,2020-06-20,2020,8.562192708,10.22924749,0.358416267,14.34257292,0.638278819,1006.341058,38702.3858,14.8045
Traprock,2020-06-21,2020,8.492432292,10.00805364,0.358592423,15.39491667,0.639340699,1006.451612,38711.02144,17.242
Traprock,2020-06-22,2020,8.449578125,9.915889892,0.362549289,15.81064063,0.664796341,1006.507711,38714.94236,17.471
Traprock,2020-06-23,2020,8.566015625,10.08443013,0.37163958,15.01929167,0.724409146,1006.509358,38714.14832,16.5135
Traprock,2020-06-24,2020,8.640708333,10.11031471,0.359206752,14.91783333,0.643352249,1006.456532,38708.63885,16.891
Traprock,2020-06-25,2020,8.664015625,10.03799011,0.352105202,15.26126042,0.601791416,1006.349186,38698.41328,17.183
Traprock,2020-06-26,2020,8.634270833,9.911214287,0.342333349,15.84964583,0.546101671,1006.187247,38683.47072,17.487
Traprock,2020-06-27,2020,8.315109375,9.678198862,0.337170466,16.96807292,0.518522268,1005.970621,38663.81011,18.8295
Traprock,2020-06-28,2020,8.50971875,9.698739483,0.334270872,16.87363542,0.503478957,1005.699186,38639.43019,18.851
Traprock,2020-06-29,2020,8.430453125,9.701969303,0.335461279,16.84619792,0.509820745,1005.372798,38610.3295,18.153
Traprock,2020-06-30,2020,8.31971875,9.423745936,0.347665637,18.25736979,0.575598358,1004.991288,38576.50643,19.9395
Traprock,2020-07-01,2020,8.204661458,9.281549175,0.340026988,19.01578646,0.533713062,1004.554465,38537.95921,20.976
Traprock,2020-07-02,2020,8.243442708,9.213738158,0.329793867,19.37749479,0.481090972,1004.062112,38494.68594,21.231
Traprock,2020-07-03,2020,8.0149375,9.188665627,0.325167115,19.50681771,0.458408019,1003.51399,38446.68459,21.377
Traprock,2020-07-04,2020,8.088828125,9.238035117,0.325076576,19.23222917,0.457965569,1002.909839,38393.95306,20.943
Traprock,2020-07-05,2020,8.181427083,9.283468852,0.332775166,18.98214583,0.49766811,1002.249376,38336.48916,20.287
Traprock,2020-07-06,2020,7.906234375,9.424832804,0.371382086,18.22290104,0.735470404,1001.532296,38274.29067,18.9975
Traprock,2020-07-07,2020,7.904520833,9.326561516,0.367444503,18.77034375,0.697272194,1000.758272,38208.13986,20.809
Traprock,2020-07-08,2020,7.686964286,9.800586009,0.348507364,16.33546429,0.580612795,999.9269609,38137.66004,NA
Traprock,2020-07-09,2020,NA,NA,0.372478179,NA,0.728627172,999.037996,38062.55773,NA
Traprock,2020-07-10,2020,NA,NA,0.349064429,NA,0.58385743,998.0909937,37982.83113,NA
Traprock,2020-07-11,2020,NA,NA,0.335670801,NA,0.510853129,997.0855524,37898.47854,NA
Traprock,2020-07-12,2020,NA,NA,0.329994523,NA,0.481946375,996.0212532,37809.49836,NA
Traprock,2020-07-13,2020,NA,NA,0.329623215,NA,0.480265064,994.8976613,37715.88918,NA
Traprock,2020-07-14,2020,NA,NA,0.372481541,NA,0.733612112,993.7143266,37619.10136,NA
Traprock,2020-07-15,2020,NA,NA,0.368361176,NA,0.702493107,992.4707849,37518.81017,NA
Traprock,2020-07-16,2020,NA,NA,0.346213773,NA,0.567634252,991.1665592,37413.96311,NA
Traprock,2020-07-17,2020,NA,NA,0.337692516,NA,0.52161942,989.8011603,37304.55851,NA
Traprock,2020-07-18,2020,NA,NA,0.369647927,NA,0.726591901,988.3740883,37190.59505,NA
Traprock,2020-07-19,2020,NA,NA,0.414293893,NA,1.053857648,986.884834,37072.0719,NA
Traprock,2020-07-20,2020,8.225054054,9.543177783,0.365884653,17.63572973,0.685768485,985.3328796,36948.98867,NA
Traprock,2020-07-21,2020,8.619854167,10.11390778,0.437561678,14.86409375,1.678597487,983.7177006,36821.34557,15.33
Traprock,2020-07-22,2020,8.335833333,9.918554665,0.650754254,15.7775,5.229320226,982.038767,36689.14338,16.431
Traprock,2020-07-23,2020,8.26965625,9.797652086,0.469663671,16.36457292,1.616005516,980.2955444,36552.38359,17.591
Traprock,2020-07-24,2020,8.153479167,9.676726431,0.419566002,16.96178125,1.092970255,978.4874958,36411.06839,18.484
Traprock,2020-07-25,2020,7.859916667,9.377543504,0.411023813,18.4813125,1.033032986,976.6140829,36265.20075,19.741
Traprock,2020-07-26,2020,7.7554375,9.147319447,0.446225577,19.70788542,1.359649806,974.6747679,36116.78259,20.828
Traprock,2020-07-27,2020,7.716270833,9.271279053,0.395014607,19.04385417,0.890622979,972.6690147,35965.21206,20.586
Traprock,2020-07-28,2020,7.90778125,9.487823277,0.373553714,17.90940625,0.73496896,970.5962909,35811.00038,19.356
Traprock,2020-07-29,2020,8.088395833,9.632758205,0.36289156,17.18607292,0.665887718,968.4560691,35654.03887,18.862
Traprock,2020-07-30,2020,8.195489583,9.691092121,0.35120771,16.90169792,0.595803589,966.2478288,35492.72109,18.601
Traprock,2020-07-31,2020,8.356541667,9.789583324,0.343134181,16.40850521,0.55037869,963.971058,35327.05374,17.709
Traprock,2020-08-01,2020,8.5694375,9.738411314,0.375672865,16.66717708,0.867969524,961.6252553,35157.04468,17.945
Traprock,2020-08-02,2020,8.419447917,9.757508079,0.527827246,16.55401042,2.492057132,959.2099312,34982.70303,17.65
Traprock,2020-08-03,2020,9.237364583,9.964984544,0.429855735,15.56241667,1.189129456,956.72461,34804.03917,16.788
Traprock,2020-08-04,2020,8.825791667,10.1791072,0.394541473,14.58189583,0.88652294,954.1688322,34621.06485,15.929
Traprock,2020-08-05,2020,9.183854167,10.18507694,0.376092492,14.76588542,0.751811569,951.5421554,34433.79325,23.668
Traprock,2020-08-06,2020,8.961010417,9.583567614,0.371539171,18.06215625,0.721547967,948.8441571,34244.03128,30.353
Traprock,2020-08-07,2020,8.513989583,9.076140402,0.360261661,20.86978021,0.649605547,946.074436,34052.75565,34.737
Traprock,2020-08-08,2020,8.314916667,9.353257033,0.384270284,18.75872917,0.811247394,943.2326141,33857.33508,30.353
Traprock,2020-08-09,2020,8.11325,9.318892021,0.462786189,18.90921875,1.891622563,940.3183388,33660.04598,27.737
Traprock,2020-08-10,2020,4.860010417,10.29501207,0.597780005,18.11457292,3.930433597,937.3312844,33460.31618,18.719
Traprock,2020-08-11,2020,7.127385417,9.532516428,0.446850746,17.67221875,1.362392998,934.2711544,33256.53678,18.744
Traprock,2020-08-12,2020,7.722302083,9.641640625,0.39325762,17.12461458,0.878794808,931.1376834,33048.72968,18.29
Traprock,2020-08-13,2020,8.023625,9.573075207,0.371954577,17.47621875,0.724202669,927.9306387,32836.91866,18.845
Traprock,2020-08-14,2020,8.012104167,9.46863838,0.381432226,18.01794792,0.791101156,924.6498226,32621.12942,19.574
Traprock,2020-08-15,2020,7.951541667,9.452944125,0.365931203,18.0843125,0.685679995,921.2950741,32402.51359,19.339
Traprock,2020-08-16,2020,8.179416667,9.689606829,0.34841493,16.89346875,0.579934371,917.8662709,32184.22152,18.156
Traprock,2020-08-17,2020,8.366625,9.852950181,0.338882328,16.10166667,0.527577751,914.363331,31962.12943,17.49
Traprock,2020-08-18,2020,8.592145833,10.04472632,0.33212545,15.19695833,0.492624176,910.7862148,31736.26913,16.269
Traprock,2020-08-19,2020,8.639875,10.17180357,0.353228184,14.60347917,0.61102388,907.134927,31506.67452,15.261
Traprock,2020-08-20,2020,8.654239583,10.15569024,0.367424161,14.67386458,0.694853465,903.409518,31274.63639,15.158
Traprock,2020-08-21,2020,8.70284375,9.938278093,0.351560663,15.69360417,0.597986344,899.6100859,31041.8618,16.762
Traprock,2020-08-22,2020,8.799322917,9.842845009,0.341257646,16.142375,0.540290823,895.7367781,30805.49097,17.16
Traprock,2020-08-23,2020,8.74103125,9.704512857,0.333984396,16.82963542,0.50212211,891.7897931,30565.59635,18.139
Traprock,2020-08-24,2020,8.878458333,9.719965823,0.328898742,16.73369792,0.476548482,887.7693818,30328.13726,17.507
Traprock,2020-08-25,2020,9.208635417,9.786311392,0.325452597,16.41390625,0.459764867,883.675849,30087.28633,17.49
Traprock,2020-08-26,2020,9.6463125,9.850795978,0.32504899,16.10484375,0.457818085,879.5095554,29843.08978,16.881
Traprock,2020-08-27,2020,10.05570833,9.718950837,0.322359997,16.74194792,0.445075516,875.2709183,29595.59621,17.785
Traprock,2020-08-28,2020,10.07963542,10.0915309,0.335214908,14.96566667,0.509732255,870.9604133,29344.85657,15.63
Traprock,2020-08-29,2020,11.08497917,10.17867538,0.341447109,14.57620833,0.541559181,866.5785755,29090.92422,15.561
Traprock,2020-08-30,2020,10.50515625,10.43344973,0.327439627,13.45164583,0.469469277,862.1260004,28833.85495,14.4
Traprock,2020-08-31,2020,10.25997917,10.6961899,0.376407355,12.33529167,0.782399633,857.6496045,28576.89081,12.963
Traprock,2020-09-01,2020,11.06475,10.56606136,0.386844921,12.88460417,0.830862691,853.1280049,28324.49354,13.767
Traprock,2020-09-02,2020,10.45607292,10.30436278,0.363515596,14.02245833,0.670164738,848.5390452,28069.2081,15.287
Traprock,2020-09-03,2020,9.525692708,10.36393297,0.353901675,13.75496354,0.611436833,843.8834948,27811.09634,14.926
Traprock,2020-09-04,2020,8.985697917,10.49819908,0.341121027,13.17886458,0.539759883,839.1621857,27550.22254,14.357
Traprock,2020-09-05,2020,9.188625,10.65773504,0.328476873,12.50811458,0.474542707,834.3760129,27286.65342,13.645
Traprock,2020-09-06,2020,9.208416667,10.72230731,0.325569047,12.24142708,0.460325304,829.5259353,27020.4581,13.322
Traprock,2020-09-07,2020,9.423791667,10.76747957,0.326945165,12.04301042,0.466991555,824.6129759,26751.93769,12.629
Traprock,2020-09-08,2020,9.964458333,11.17117913,0.319712261,10.44383333,0.432745901,819.6382221,26487.4274,10.783
Traprock,2020-09-09,2020,10.22489583,11.42012417,0.315159422,9.509864583,0.412127716,814.6028263,26220.54442,9.947
Traprock,2020-09-10,2020,10.19557292,11.38605908,0.312203505,9.648604167,0.399149174,809.5080055,25951.36407,10.674
Traprock,2020-09-11,2020,10.14160417,11.28071105,0.310514375,10.05236458,0.391833995,804.3550418,25680.67298,11.062
Traprock,2020-09-12,2020,9.477958333,11.09700759,0.334057935,10.73005208,0.507667487,799.1452817,25411.55393,11.152
Traprock,2020-09-13,2020,9.600135417,10.84913632,0.373913987,11.71695833,0.738597053,793.8801363,25140.38796,12.743
Traprock,2020-09-14,2020,9.842302083,10.98496278,0.345276387,11.17319792,0.562472332,788.5610808,24867.25891,11.912
Traprock,2020-09-15,2020,9.485489583,10.70588296,0.332834222,12.31602083,0.496399752,783.189654,24598.29292,13.471
Traprock,2020-09-16,2020,9.33946875,10.73205597,0.321893747,12.1915625,0.443010748,777.7674573,24328.37018,13.016
Traprock,2020-09-17,2020,9.83921875,11.27263975,0.312910949,10.063875,0.402275823,772.2961548,24056.75558,10.792
Traprock,2020-09-18,2020,10.24216667,11.64915486,0.306928344,8.686958333,0.376672698,766.7774714,23783.53783,9.322
Traprock,2020-09-19,2020,10.29494792,11.67211141,0.304639582,8.601395833,0.367174765,761.2131926,23508.80758,9.174
Traprock,2020-09-20,2020,10.18828125,11.39179662,0.302311575,9.6254375,0.357735825,755.605163,23232.65737,10.42
Traprock,2020-09-21,2020,9.633885417,10.90909354,0.299481559,11.48096875,0.346497587,749.9552851,22955.18155,12.302
Traprock,2020-09-22,2020,9.252541667,10.72104045,0.297931988,12.23536458,0.340391773,744.2655182,22682.75089,12.98
Traprock,2020-09-23,2020,9.456989583,10.84505388,0.295974069,11.73466667,0.332840621,738.5378764,22414.28117,12.443
Traprock,2020-09-24,2020,9.513666667,10.79181925,0.29637162,11.94066667,0.334374448,732.7744276,22144.77257,13.671
Traprock,2020-09-25,2020,8.99365625,10.57518951,0.301511458,12.84526042,0.355671057,726.9772915,21874.32213,13.567
Traprock,2020-09-26,2020,8.781427083,10.59856208,0.326854909,12.73922917,0.467787966,721.1486378,21603.02834,12.998
Traprock,2020-09-27,2020,8.786885417,10.5592682,0.35469118,12.90759375,0.616333283,715.2906846,21330.99107,13.471
Traprock,2020-09-28,2020,8.886041667,10.70260154,0.335160097,12.30660417,0.508345911,709.405696,21058.3115,12.726
Traprock,2020-09-29,2020,8.956760417,10.9006102,0.329066498,11.50234375,0.477315396,703.4959803,20789.10496,11.867
Traprock,2020-09-30,2020,9.335270833,11.09284205,0.373169337,10.74676042,0.740189874,697.5638878,20522.14412,11.34
Traprock,2020-10-01,2020,9.71478125,11.35281653,0.368053793,9.764291667,0.698806021,691.6118088,20254.81536,10.42
Traprock,2020-10-02,2020,10.21267708,11.77335733,0.360285524,8.244,0.64984152,685.6421707,19987.22094,8.757
Traprock,2020-10-03,2020,10.4176875,11.92192251,0.347487812,7.7313125,0.574565974,679.6574363,19721.79392,8.214
Traprock,2020-10-04,2020,10.57726042,12.04940328,0.340851009,7.300322917,0.538137565,673.660101,19458.58797,7.932
Traprock,2020-10-05,2020,10.27638542,11.8116005,0.335355352,8.1305,0.509083328,667.6526902,19195.43272,9.248
Traprock,2020-10-06,2020,9.771052083,11.48735597,0.333281601,9.269583333,0.49846452,661.6377574,18933.92599,9.983
Traprock,2020-10-07,2020,9.78875,11.48819094,0.329091287,9.260354167,0.477492376,655.6178809,18677.59186,9.736
Traprock,2020-10-08,2020,9.88103125,11.56886896,0.32434295,8.969666667,0.45448496,649.5956616,18421.56784,9.608
Traprock,2020-10-09,2020,9.743677083,11.39646567,0.327449248,9.618125,0.469410283,643.5737203,18165.95679,10.783
Traprock,2020-10-10,2020,9.793791667,11.52988765,0.323127719,9.112979167,0.448674112,637.5546951,17910.86185,9.992
Traprock,2020-10-11,2020,10.10204167,11.80731564,0.318518255,8.133416667,0.427289014,631.5412388,17656.38637,9.008
Traprock,2020-10-12,2020,9.544927083,11.66067109,0.421674111,8.639552083,1.237563017,625.5360159,17402.63376,9.1
Traprock,2020-10-13,2020,10.11954167,11.82165073,0.449607715,8.074854167,1.383778096,619.5417005,17150.28616,8.542
Traprock,2020-10-14,2020,9.915822917,12.03928533,0.484678805,7.323552083,1.884336881,613.560973,16906.08288,7.743
Traprock,2020-10-15,2020,10.51640625,12.24217978,0.53285135,6.665,2.489461424,607.596518,16665.71572,7.286
Traprock,2020-10-16,2020,10.98233333,12.65124598,0.458485082,5.364239583,1.478137999,601.6607418,16426.40542,5.777
Traprock,2020-10-17,2020,11.068125,12.88992246,0.443795864,4.640104167,1.32283794,595.7734648,16188.25096,5.036
Traprock,2020-10-18,2020,11.33675,12.89525288,0.450174891,4.624833333,1.388468069,589.9080007,15951.35096,5.026
Traprock,2020-10-19,2020,11.44398214,13.00494962,0.423899379,4.299107143,1.129683799,584.0669825,15715.80356,4.456
